location,area_name,site_size_sqft
Karimnagar,Mankammathota,4079
Karimnagar,Subhashnagar,1214
Karimnagar,Vavilalapally,4198
Karimnagar,Ramnagar,4235
Hyderabad,Begumpet,1869
Bangalore,BTM Layout,2001
Hyderabad,Gachibowli,1178
Karimnagar,Ramnagar,2098
Bangalore,Koramangala,3087
Hyderabad,Madhapur,3028
Hyderabad,Madhapur,3235
Bangalore,Whitefield,4087
Karimnagar,Ramnagar,1061
Hyderabad,Begumpet,3847
Karimnagar,Subhashnagar,862
Hyderabad,Madhapur,1964
Karimnagar,Vavilalapally,4849
Bangalore,Whitefield,3812
Karimnagar,Mankammathota,2220
Karimnagar,Vavilalapally,2265
Hyderabad,Kukatpally,3476
Karimnagar,Mankammathota,3051
Hyderabad,Banjara Hills,2768
Karimnagar,Mankammathota,3812
Hyderabad,Madhapur,1004
Hyderabad,Gachibowli,2241
Hyderabad,Kukatpally,2316
Bangalore,Indiranagar,2226
Karimnagar,Mankammathota,4304
Karimnagar,Jyothinagar,2801
Hyderabad,Kukatpally,2423
Karimnagar,Subhashnagar,2885
Bangalore,Koramangala,3042
Bangalore,Koramangala,2562
Bangalore,Jayanagar,3409
Hyderabad,Banjara Hills,2813
Bangalore,Whitefield,4273
Bangalore,BTM Layout,2164
Hyderabad,Kukatpally,1243
Bangalore,Whitefield,3695
Bangalore,BTM Layout,807
Bangalore,Whitefield,1610
Bangalore,Koramangala,1916
Karimnagar,Ramnagar,1197
Bangalore,Koramangala,3979
Bangalore,Whitefield,4761
Karimnagar,Vavilalapally,4976
Bangalore,BTM Layout,1344
Hyderabad,Kukatpally,2074
Bangalore,BTM Layout,838
Karimnagar,Ramnagar,4060
Hyderabad,Kukatpally,3478
Bangalore,Jayanagar,1507
Karimnagar,Mankammathota,4862
Hyderabad,Begumpet,4043
Bangalore,BTM Layout,1671
Hyderabad,Madhapur,3572
Hyderabad,Gachibowli,3776
Karimnagar,Jyothinagar,3825
Bangalore,BTM Layout,1174
Hyderabad,Begumpet,4308
Hyderabad,Madhapur,1014
Karimnagar,Ramnagar,3354
Bangalore,Whitefield,4429
Bangalore,Whitefield,2266
Bangalore,Koramangala,1041
Hyderabad,Banjara Hills,2905
Hyderabad,Kukatpally,4634
Bangalore,Indiranagar,1481
Bangalore,Jayanagar,2633
Karimnagar,Mankammathota,3152
Hyderabad,Kukatpally,2092
Hyderabad,Kukatpally,4785
Hyderabad,Gachibowli,819
Karimnagar,Jyothinagar,3310
Bangalore,BTM Layout,2783
Bangalore,BTM Layout,3121
Bangalore,Koramangala,4534
Hyderabad,Madhapur,1251
Bangalore,BTM Layout,1308
Bangalore,Jayanagar,3426
Karimnagar,Ramnagar,2243
Karimnagar,Vavilalapally,4921
Bangalore,Indiranagar,3405
Karimnagar,Ramnagar,2341
Karimnagar,Subhashnagar,4501
Hyderabad,Gachibowli,1990
Hyderabad,Banjara Hills,1624
Hyderabad,Gachibowli,3355
Karimnagar,Subhashnagar,4591
Hyderabad,Banjara Hills,2172
Karimnagar,Subhashnagar,2214
Bangalore,Whitefield,2352
Bangalore,Jayanagar,1515
Karimnagar,Jyothinagar,3649
Hyderabad,Begumpet,3441
Karimnagar,Jyothinagar,1702
Bangalore,Jayanagar,4174
Bangalore,Jayanagar,2096
Karimnagar,Vavilalapally,3644
Karimnagar,Mankammathota,4733
Hyderabad,Gachibowli,1439
Karimnagar,Ramnagar,4582
Hyderabad,Begumpet,1878
Hyderabad,Banjara Hills,4608
Karimnagar,Ramnagar,3241
Bangalore,Koramangala,3860
Bangalore,Jayanagar,3574
Bangalore,BTM Layout,4334
Hyderabad,Kukatpally,1557
Hyderabad,Begumpet,2923
Bangalore,Indiranagar,1039
Karimnagar,Subhashnagar,1997
Bangalore,Whitefield,1556
Karimnagar,Jyothinagar,2553
Hyderabad,Gachibowli,1300
Bangalore,Jayanagar,1822
Karimnagar,Mankammathota,4209
Karimnagar,Mankammathota,3106
Karimnagar,Jyothinagar,3496
Karimnagar,Mankammathota,1599
Hyderabad,Begumpet,2823
Karimnagar,Mankammathota,2760
Hyderabad,Gachibowli,3101
Bangalore,Whitefield,4249
Bangalore,Indiranagar,3340
Karimnagar,Mankammathota,3853
Karimnagar,Vavilalapally,1874
Bangalore,Koramangala,1418
Bangalore,Indiranagar,1903
Karimnagar,Ramnagar,2031
Hyderabad,Begumpet,4879
Hyderabad,Kukatpally,1489
Karimnagar,Ramnagar,4100
Hyderabad,Banjara Hills,2927
Karimnagar,Mankammathota,1192
Hyderabad,Banjara Hills,1954
Hyderabad,Banjara Hills,1550
Hyderabad,Kukatpally,3438
Hyderabad,Madhapur,2290
Karimnagar,Vavilalapally,4253
Karimnagar,Mankammathota,4331
Karimnagar,Vavilalapally,3804
Karimnagar,Subhashnagar,2663
Hyderabad,Madhapur,1663
Hyderabad,Kukatpally,1471
Hyderabad,Gachibowli,2510
Karimnagar,Vavilalapally,4179
Hyderabad,Kukatpally,2784
Karimnagar,Vavilalapally,1006
Karimnagar,Ramnagar,4358
Hyderabad,Kukatpally,845
Hyderabad,Gachibowli,3689
Karimnagar,Ramnagar,4719
Karimnagar,Jyothinagar,4753
Karimnagar,Vavilalapally,2625
Hyderabad,Gachibowli,901
Hyderabad,Banjara Hills,3514
Hyderabad,Madhapur,1808
Hyderabad,Kukatpally,4156
Hyderabad,Begumpet,4410
Karimnagar,Jyothinagar,1909
Hyderabad,Begumpet,1310
Bangalore,Whitefield,1868
Karimnagar,Jyothinagar,4528
Karimnagar,Subhashnagar,1532
Hyderabad,Kukatpally,3719
Hyderabad,Gachibowli,3868
Hyderabad,Madhapur,4679
Hyderabad,Madhapur,3751
Karimnagar,Mankammathota,3224
Karimnagar,Ramnagar,1825
Hyderabad,Begumpet,4657
Bangalore,BTM Layout,3694
Bangalore,BTM Layout,2903
Karimnagar,Subhashnagar,4633
Bangalore,Koramangala,3234
Hyderabad,Kukatpally,3372
Karimnagar,Mankammathota,981
Karimnagar,Ramnagar,3110
Karimnagar,Mankammathota,1134
Bangalore,BTM Layout,2889
Hyderabad,Begumpet,4248
Karimnagar,Jyothinagar,1172
Karimnagar,Vavilalapally,3719
Bangalore,Jayanagar,890
Bangalore,Whitefield,2371
Karimnagar,Vavilalapally,3027
Hyderabad,Gachibowli,3141
Hyderabad,Kukatpally,1025
Bangalore,Koramangala,4683
Karimnagar,Vavilalapally,802
Bangalore,Indiranagar,3029
Karimnagar,Mankammathota,3197
Hyderabad,Madhapur,2512
Karimnagar,Mankammathota,4948
Hyderabad,Kukatpally,2955
Karimnagar,Jyothinagar,4505
Bangalore,Whitefield,4845
Hyderabad,Banjara Hills,2358
Bangalore,Indiranagar,4218
Karimnagar,Jyothinagar,4924
Hyderabad,Begumpet,3472
Karimnagar,Mankammathota,3359
Karimnagar,Mankammathota,2558
Bangalore,Whitefield,1211
Bangalore,Indiranagar,1869
Hyderabad,Begumpet,3908
Karimnagar,Vavilalapally,2927
Hyderabad,Gachibowli,3004
Karimnagar,Ramnagar,3309
Karimnagar,Mankammathota,1463
Hyderabad,Madhapur,3503
Bangalore,Koramangala,3946
Bangalore,BTM Layout,3801
Hyderabad,Gachibowli,3649
Bangalore,Whitefield,1231
Hyderabad,Madhapur,2436
Bangalore,Koramangala,2201
Bangalore,Whitefield,2874
Karimnagar,Vavilalapally,3201
Hyderabad,Begumpet,3638
Karimnagar,Vavilalapally,4412
Karimnagar,Jyothinagar,859
Hyderabad,Kukatpally,4016
Hyderabad,Gachibowli,3310
Karimnagar,Ramnagar,4321
Karimnagar,Mankammathota,1515
Bangalore,Whitefield,1868
Bangalore,BTM Layout,4680
Hyderabad,Kukatpally,4066
Bangalore,BTM Layout,1515
Karimnagar,Mankammathota,931
Bangalore,Jayanagar,3272
Hyderabad,Gachibowli,963
Karimnagar,Vavilalapally,2342
Hyderabad,Kukatpally,2819
Karimnagar,Jyothinagar,2857
Bangalore,Koramangala,1356
Karimnagar,Jyothinagar,4829
Karimnagar,Vavilalapally,4482
Bangalore,BTM Layout,2859
Karimnagar,Mankammathota,1680
Bangalore,Whitefield,4766
Bangalore,BTM Layout,4527
Hyderabad,Banjara Hills,1895
Hyderabad,Madhapur,2132
Bangalore,Koramangala,4489
Hyderabad,Gachibowli,4025
Karimnagar,Mankammathota,4144
Karimnagar,Subhashnagar,4920
Karimnagar,Mankammathota,3958
Karimnagar,Vavilalapally,1209
Karimnagar,Ramnagar,2504
Karimnagar,Vavilalapally,3716
Karimnagar,Vavilalapally,4835
Hyderabad,Gachibowli,1469
Karimnagar,Mankammathota,4041
Karimnagar,Jyothinagar,4041
Bangalore,Jayanagar,2448
Bangalore,Whitefield,1481
Hyderabad,Banjara Hills,4748
Karimnagar,Jyothinagar,3278
Bangalore,Whitefield,3758
Bangalore,Jayanagar,4250
Karimnagar,Jyothinagar,1697
Karimnagar,Ramnagar,899
Hyderabad,Banjara Hills,894
Karimnagar,Subhashnagar,4599
Bangalore,BTM Layout,1824
Hyderabad,Gachibowli,2694
Hyderabad,Banjara Hills,2075
Karimnagar,Ramnagar,2007
Karimnagar,Vavilalapally,3231
Bangalore,Koramangala,2743
Hyderabad,Kukatpally,4896
Hyderabad,Kukatpally,1189
Hyderabad,Banjara Hills,4104
Bangalore,BTM Layout,1650
Hyderabad,Kukatpally,3948
Bangalore,BTM Layout,4922
Hyderabad,Banjara Hills,1104
Bangalore,Indiranagar,2921
Karimnagar,Vavilalapally,3146
Hyderabad,Kukatpally,4003
Karimnagar,Ramnagar,3069
Bangalore,Indiranagar,2213
Hyderabad,Madhapur,949
Karimnagar,Mankammathota,4233
Hyderabad,Banjara Hills,1433
Hyderabad,Begumpet,3601
Bangalore,BTM Layout,2065
Bangalore,Koramangala,4283
Karimnagar,Vavilalapally,3557
Hyderabad,Gachibowli,1662
Hyderabad,Banjara Hills,4993
Bangalore,Whitefield,3097
Bangalore,Indiranagar,2979
Hyderabad,Banjara Hills,4355
Bangalore,Jayanagar,2394
Karimnagar,Vavilalapally,2890
Hyderabad,Begumpet,3549
Bangalore,Koramangala,3775
Karimnagar,Vavilalapally,4155
Bangalore,Koramangala,2694
Bangalore,Koramangala,2306
Hyderabad,Banjara Hills,4409
Hyderabad,Kukatpally,3371
Hyderabad,Banjara Hills,3233
Bangalore,Indiranagar,1577
Karimnagar,Ramnagar,809
Bangalore,BTM Layout,3824
Bangalore,BTM Layout,4845
Hyderabad,Gachibowli,1538
Bangalore,Whitefield,2928
Bangalore,Jayanagar,1288
Karimnagar,Ramnagar,3352
Karimnagar,Mankammathota,3711
Bangalore,Jayanagar,1378
Karimnagar,Vavilalapally,3234
Karimnagar,Vavilalapally,3166
Bangalore,Whitefield,2586
Bangalore,BTM Layout,3785
Karimnagar,Vavilalapally,2014
Bangalore,Koramangala,4601
Karimnagar,Vavilalapally,842
Bangalore,Jayanagar,1694
Bangalore,Koramangala,4174
Bangalore,Whitefield,4215
Hyderabad,Kukatpally,1796
Bangalore,Indiranagar,2910
Karimnagar,Vavilalapally,1372
Hyderabad,Gachibowli,4338
Karimnagar,Vavilalapally,3712
Karimnagar,Vavilalapally,956
Hyderabad,Madhapur,3793
Hyderabad,Kukatpally,2497
Bangalore,Whitefield,2562
Bangalore,Jayanagar,2274
Karimnagar,Mankammathota,2678
Karimnagar,Subhashnagar,1600
Karimnagar,Ramnagar,4507
Bangalore,Whitefield,3752
Hyderabad,Gachibowli,4010
Bangalore,Indiranagar,3409
Karimnagar,Subhashnagar,4107
Hyderabad,Begumpet,4640
Karimnagar,Vavilalapally,3690
Karimnagar,Jyothinagar,1453
Hyderabad,Gachibowli,4013
Karimnagar,Subhashnagar,1963
Karimnagar,Subhashnagar,2845
Bangalore,Koramangala,1681
Hyderabad,Begumpet,903
Bangalore,Whitefield,4498
Bangalore,Koramangala,1577
Bangalore,Indiranagar,1711
Hyderabad,Madhapur,3227
Bangalore,Whitefield,3001
Bangalore,Indiranagar,3421
Bangalore,Indiranagar,3376
Hyderabad,Banjara Hills,1714
Bangalore,Indiranagar,4594
Bangalore,Indiranagar,1620
Bangalore,Indiranagar,1678
Hyderabad,Banjara Hills,4466
Karimnagar,Mankammathota,3356
Hyderabad,Begumpet,4690
Karimnagar,Mankammathota,3485
Bangalore,Jayanagar,2623
Karimnagar,Subhashnagar,4115
Karimnagar,Jyothinagar,1687
Karimnagar,Subhashnagar,4564
Karimnagar,Subhashnagar,2413
Karimnagar,Mankammathota,2675
Hyderabad,Begumpet,3214
Karimnagar,Mankammathota,1499
Hyderabad,Banjara Hills,1352
Karimnagar,Mankammathota,2757
Hyderabad,Gachibowli,1664
Karimnagar,Subhashnagar,1979
Hyderabad,Begumpet,1218
Bangalore,BTM Layout,4475
Bangalore,Whitefield,4578
Hyderabad,Banjara Hills,3818
Hyderabad,Begumpet,1323
Hyderabad,Gachibowli,1235
Hyderabad,Kukatpally,922
Bangalore,Jayanagar,3381
Karimnagar,Vavilalapally,3774
Bangalore,Indiranagar,818
Hyderabad,Gachibowli,3611
Karimnagar,Mankammathota,2053
Hyderabad,Kukatpally,1792
Karimnagar,Vavilalapally,1322
Karimnagar,Vavilalapally,4938
Bangalore,Indiranagar,2132
Hyderabad,Begumpet,4163
Hyderabad,Banjara Hills,1331
Karimnagar,Mankammathota,4621
Bangalore,BTM Layout,3162
Karimnagar,Jyothinagar,2730
Bangalore,Indiranagar,2132
Hyderabad,Banjara Hills,2228
Karimnagar,Ramnagar,1283
Karimnagar,Subhashnagar,3787
Bangalore,BTM Layout,4794
Hyderabad,Gachibowli,3472
Karimnagar,Mankammathota,2101
Hyderabad,Banjara Hills,3895
Karimnagar,Subhashnagar,2527
Bangalore,Whitefield,3392
Bangalore,Whitefield,1110
Bangalore,Koramangala,3085
Karimnagar,Mankammathota,2080
Hyderabad,Gachibowli,3432
Hyderabad,Banjara Hills,1792
Bangalore,Indiranagar,816
Bangalore,Koramangala,1517
Hyderabad,Madhapur,2046
Hyderabad,Kukatpally,2912
Bangalore,Jayanagar,1206
Karimnagar,Vavilalapally,4480
Hyderabad,Begumpet,1264
Bangalore,BTM Layout,1888
Bangalore,BTM Layout,2722
Karimnagar,Mankammathota,2846
Bangalore,Indiranagar,3581
Hyderabad,Kukatpally,3160
Hyderabad,Gachibowli,912
Hyderabad,Begumpet,3444
Karimnagar,Vavilalapally,1208
Hyderabad,Kukatpally,2271
Hyderabad,Banjara Hills,2930
Karimnagar,Ramnagar,3130
Bangalore,Whitefield,2842
Bangalore,Whitefield,4767
Hyderabad,Begumpet,4538
Bangalore,Koramangala,2797
Bangalore,Koramangala,4887
Karimnagar,Subhashnagar,3082
Karimnagar,Jyothinagar,4947
Hyderabad,Kukatpally,3378
Hyderabad,Gachibowli,4242
Karimnagar,Ramnagar,2420
Bangalore,Indiranagar,1819
Bangalore,Indiranagar,1016
Bangalore,Jayanagar,4253
Karimnagar,Vavilalapally,1023
Hyderabad,Gachibowli,801
Hyderabad,Madhapur,4421
Hyderabad,Kukatpally,1028
Bangalore,Whitefield,4164
Karimnagar,Jyothinagar,4536
Bangalore,Whitefield,1051
Karimnagar,Subhashnagar,2978
Bangalore,Whitefield,1970
Bangalore,BTM Layout,2210
Karimnagar,Mankammathota,1883
Karimnagar,Subhashnagar,3595
Karimnagar,Subhashnagar,1342
Bangalore,BTM Layout,3101
Bangalore,Indiranagar,2894
Bangalore,Koramangala,4128
Bangalore,BTM Layout,828
Bangalore,Whitefield,4874
Bangalore,Jayanagar,3314
Karimnagar,Ramnagar,3548
Hyderabad,Banjara Hills,3085
Hyderabad,Begumpet,3393
Karimnagar,Vavilalapally,2729
Bangalore,Whitefield,3789
Karimnagar,Subhashnagar,1578
Karimnagar,Jyothinagar,871
Karimnagar,Jyothinagar,1351
Bangalore,Koramangala,4722
Hyderabad,Begumpet,4315
Hyderabad,Begumpet,1104
Hyderabad,Madhapur,2436
Hyderabad,Madhapur,1031
Hyderabad,Banjara Hills,2228
Bangalore,Jayanagar,2259
Hyderabad,Gachibowli,801
Hyderabad,Madhapur,2582
Karimnagar,Subhashnagar,2578
Bangalore,Indiranagar,3224
Karimnagar,Jyothinagar,4884
Bangalore,Jayanagar,2457
Hyderabad,Madhapur,1166
Hyderabad,Begumpet,3184
Hyderabad,Kukatpally,1847
Karimnagar,Ramnagar,2979
Hyderabad,Kukatpally,1049
Bangalore,Whitefield,4940
Bangalore,Koramangala,1664
Bangalore,Koramangala,1179
Bangalore,BTM Layout,2029
Bangalore,Whitefield,4154
Bangalore,Koramangala,1739
Hyderabad,Gachibowli,3754
Hyderabad,Begumpet,4789
Hyderabad,Begumpet,1608
Hyderabad,Banjara Hills,4991
Karimnagar,Vavilalapally,2025
Bangalore,Indiranagar,4859
Bangalore,Jayanagar,3246
Bangalore,Jayanagar,3928
Bangalore,BTM Layout,4688
Hyderabad,Begumpet,2714
Hyderabad,Gachibowli,937
Bangalore,Jayanagar,4849
Karimnagar,Jyothinagar,3203
Bangalore,Jayanagar,2002
Karimnagar,Vavilalapally,3478
Bangalore,Indiranagar,2008
Karimnagar,Subhashnagar,1213
Bangalore,Whitefield,1201
Bangalore,Indiranagar,1597
Karimnagar,Ramnagar,4177
Karimnagar,Ramnagar,2953
Hyderabad,Begumpet,3698
Hyderabad,Begumpet,3091
Karimnagar,Jyothinagar,4501
Bangalore,Koramangala,4551
Hyderabad,Banjara Hills,954
Bangalore,Whitefield,4662
Bangalore,BTM Layout,1205
Hyderabad,Begumpet,4274
Bangalore,Whitefield,1262
Hyderabad,Madhapur,1768
Karimnagar,Vavilalapally,2558
Hyderabad,Banjara Hills,1410
Bangalore,Jayanagar,3602
Hyderabad,Kukatpally,3981
Bangalore,BTM Layout,3805
Karimnagar,Vavilalapally,3204
Karimnagar,Vavilalapally,4445
Karimnagar,Vavilalapally,3296
Karimnagar,Mankammathota,2106
Bangalore,BTM Layout,3358
Karimnagar,Subhashnagar,3741
Karimnagar,Jyothinagar,2879
Bangalore,Jayanagar,3557
Hyderabad,Gachibowli,1546
Bangalore,Whitefield,4737
Bangalore,Indiranagar,3436
Karimnagar,Mankammathota,4503
Bangalore,Jayanagar,3356
Bangalore,Jayanagar,1785
Karimnagar,Ramnagar,1804
Bangalore,BTM Layout,4354
Hyderabad,Begumpet,4469
Hyderabad,Begumpet,3971
Hyderabad,Kukatpally,4815
Karimnagar,Mankammathota,4902
Hyderabad,Gachibowli,4667
Hyderabad,Begumpet,2084
Karimnagar,Vavilalapally,3030
Hyderabad,Gachibowli,4983
Karimnagar,Ramnagar,1798
Hyderabad,Madhapur,1506
Karimnagar,Jyothinagar,3010
Bangalore,Koramangala,1221
Karimnagar,Subhashnagar,2013
Bangalore,Indiranagar,3741
Bangalore,Koramangala,3002
Bangalore,Jayanagar,2786
Karimnagar,Subhashnagar,3871
Bangalore,Koramangala,2140
Bangalore,Jayanagar,1031
Hyderabad,Kukatpally,2297
Hyderabad,Madhapur,3296
Hyderabad,Madhapur,980
Hyderabad,Gachibowli,3723
Karimnagar,Subhashnagar,913
Hyderabad,Banjara Hills,2418
Hyderabad,Kukatpally,2775
Karimnagar,Vavilalapally,3165
Karimnagar,Ramnagar,2231
Karimnagar,Mankammathota,3988
Bangalore,Whitefield,1460
Hyderabad,Begumpet,3286
Bangalore,Jayanagar,1166
Bangalore,Koramangala,2091
Hyderabad,Begumpet,1599
Karimnagar,Jyothinagar,843
Karimnagar,Jyothinagar,1508
Bangalore,Whitefield,3476
Hyderabad,Madhapur,2507
Karimnagar,Ramnagar,4951
Hyderabad,Gachibowli,4042
Bangalore,Whitefield,4614
Hyderabad,Madhapur,2548
Karimnagar,Ramnagar,1946
Hyderabad,Begumpet,2918
Bangalore,Indiranagar,2134
Hyderabad,Gachibowli,3889
Karimnagar,Ramnagar,1325
Hyderabad,Kukatpally,3514
Hyderabad,Madhapur,2632
Bangalore,Koramangala,2384
Karimnagar,Subhashnagar,3908
Karimnagar,Jyothinagar,931
Bangalore,Whitefield,4319
Bangalore,Jayanagar,2191
Bangalore,Jayanagar,4787
Karimnagar,Subhashnagar,1216
Hyderabad,Gachibowli,2698
Karimnagar,Jyothinagar,976
Karimnagar,Vavilalapally,3577
Karimnagar,Subhashnagar,4799
Karimnagar,Vavilalapally,4777
Karimnagar,Subhashnagar,2917
Bangalore,Jayanagar,3407
Karimnagar,Jyothinagar,4666
Karimnagar,Mankammathota,1094
Hyderabad,Madhapur,4913
Hyderabad,Gachibowli,1232
Karimnagar,Jyothinagar,1553
Hyderabad,Begumpet,3740
Hyderabad,Kukatpally,2706
Karimnagar,Mankammathota,3641
Karimnagar,Subhashnagar,3231
Bangalore,BTM Layout,2093
Hyderabad,Gachibowli,2554
Hyderabad,Madhapur,1774
Karimnagar,Ramnagar,4879
Bangalore,Koramangala,3298
Karimnagar,Ramnagar,2234
Bangalore,Indiranagar,1823
Bangalore,Jayanagar,2677
Karimnagar,Subhashnagar,875
Karimnagar,Subhashnagar,2439
Bangalore,Whitefield,899
Hyderabad,Madhapur,1136
Hyderabad,Madhapur,4779
Hyderabad,Kukatpally,2289
Karimnagar,Vavilalapally,3430
Hyderabad,Kukatpally,3595
Bangalore,Jayanagar,865
Hyderabad,Banjara Hills,4338
Hyderabad,Kukatpally,3637
Karimnagar,Ramnagar,3162
Bangalore,Whitefield,1707
Hyderabad,Kukatpally,2877
Karimnagar,Ramnagar,1184
Hyderabad,Banjara Hills,1162
Hyderabad,Gachibowli,1509
Hyderabad,Banjara Hills,3748
Hyderabad,Begumpet,2266
Bangalore,Jayanagar,4612
Karimnagar,Ramnagar,1282
Bangalore,Indiranagar,1497
Hyderabad,Begumpet,2514
Karimnagar,Jyothinagar,1994
Hyderabad,Banjara Hills,1131
Bangalore,Jayanagar,906
Bangalore,Jayanagar,910
Karimnagar,Mankammathota,1639
Karimnagar,Vavilalapally,4756
Bangalore,Jayanagar,1967
Bangalore,Koramangala,1172
Hyderabad,Begumpet,3833
Bangalore,Koramangala,4928
Bangalore,Jayanagar,1147
Hyderabad,Begumpet,4113
Hyderabad,Begumpet,4072
Bangalore,Indiranagar,2380
Karimnagar,Subhashnagar,3851
Hyderabad,Kukatpally,905
Bangalore,BTM Layout,4622
Karimnagar,Ramnagar,3784
Karimnagar,Mankammathota,1198
Hyderabad,Kukatpally,4280
Karimnagar,Vavilalapally,4646
Hyderabad,Gachibowli,2617
Karimnagar,Ramnagar,3125
Bangalore,BTM Layout,3677
Karimnagar,Ramnagar,1529
Hyderabad,Banjara Hills,876
Hyderabad,Kukatpally,3020
Bangalore,Koramangala,3522
Hyderabad,Kukatpally,1735
Hyderabad,Madhapur,2353
Hyderabad,Madhapur,1963
Hyderabad,Banjara Hills,4797
Bangalore,Jayanagar,4513
Bangalore,BTM Layout,3126
Bangalore,Indiranagar,3459
Hyderabad,Banjara Hills,4476
Hyderabad,Begumpet,4163
Karimnagar,Subhashnagar,994
Hyderabad,Gachibowli,2825
Bangalore,Whitefield,1090
Bangalore,Indiranagar,4450
Hyderabad,Kukatpally,4547
Karimnagar,Mankammathota,3174
Karimnagar,Vavilalapally,2630
Karimnagar,Mankammathota,4576
Bangalore,Jayanagar,2212
Bangalore,Indiranagar,2113
Hyderabad,Madhapur,4565
Bangalore,Indiranagar,3917
Karimnagar,Vavilalapally,2746
Bangalore,Jayanagar,3607
Hyderabad,Begumpet,3751
Bangalore,Indiranagar,2580
Bangalore,Jayanagar,4655
Hyderabad,Banjara Hills,3570
Bangalore,Koramangala,3501
Bangalore,BTM Layout,3791
Bangalore,Whitefield,3293
Hyderabad,Banjara Hills,3142
Karimnagar,Ramnagar,4259
Hyderabad,Madhapur,1930
Bangalore,Jayanagar,4985
Karimnagar,Jyothinagar,3924
Karimnagar,Mankammathota,3607
Karimnagar,Mankammathota,2639
Hyderabad,Madhapur,4784
Bangalore,Whitefield,4541
Bangalore,Koramangala,4931
Karimnagar,Ramnagar,2438
Karimnagar,Subhashnagar,2441
Karimnagar,Ramnagar,3006
Hyderabad,Kukatpally,4606
Hyderabad,Banjara Hills,4143
Hyderabad,Kukatpally,1015
Karimnagar,Mankammathota,1779
Bangalore,Koramangala,3588
Karimnagar,Vavilalapally,2933
Bangalore,Indiranagar,2317
Karimnagar,Jyothinagar,3104
Hyderabad,Banjara Hills,2671
Bangalore,Whitefield,2203
Karimnagar,Vavilalapally,4462
Hyderabad,Begumpet,4369
Hyderabad,Madhapur,4890
Bangalore,Whitefield,4381
Karimnagar,Mankammathota,4480
Hyderabad,Begumpet,2604
Bangalore,Jayanagar,1625
Karimnagar,Subhashnagar,2845
Karimnagar,Jyothinagar,3189
Bangalore,BTM Layout,2461
Bangalore,Koramangala,4020
Karimnagar,Jyothinagar,1034
Hyderabad,Madhapur,1151
Hyderabad,Banjara Hills,1179
Bangalore,BTM Layout,3653
Karimnagar,Ramnagar,4857
Bangalore,Whitefield,1114
Karimnagar,Vavilalapally,4170
Karimnagar,Subhashnagar,4681
Karimnagar,Jyothinagar,2381
Hyderabad,Madhapur,2198
Hyderabad,Begumpet,3283
Bangalore,BTM Layout,2234
Hyderabad,Begumpet,2819
Hyderabad,Begumpet,1881
Hyderabad,Kukatpally,3965
Bangalore,Jayanagar,3728
Bangalore,Indiranagar,4085
Bangalore,BTM Layout,2278
Karimnagar,Ramnagar,3084
Karimnagar,Mankammathota,3178
Karimnagar,Mankammathota,2510
Karimnagar,Subhashnagar,3116
Bangalore,Koramangala,1727
Bangalore,BTM Layout,4285
Hyderabad,Banjara Hills,1899
Hyderabad,Banjara Hills,931
Hyderabad,Madhapur,4577
Bangalore,Indiranagar,4515
Karimnagar,Subhashnagar,4491
Hyderabad,Kukatpally,1950
Karimnagar,Ramnagar,3151
Karimnagar,Jyothinagar,4241
Karimnagar,Ramnagar,4701
Hyderabad,Banjara Hills,3293
Hyderabad,Madhapur,1010
Hyderabad,Kukatpally,2111
Bangalore,Indiranagar,1644
Hyderabad,Banjara Hills,1678
Hyderabad,Banjara Hills,4977
Karimnagar,Jyothinagar,2318
Bangalore,Koramangala,1549
Bangalore,Whitefield,4746
Karimnagar,Mankammathota,2060
Bangalore,Whitefield,1222
Hyderabad,Begumpet,1538
Hyderabad,Gachibowli,4096
Bangalore,Koramangala,4797
Bangalore,Jayanagar,1175
Karimnagar,Subhashnagar,823
Karimnagar,Subhashnagar,2016
Bangalore,Jayanagar,4504
Bangalore,BTM Layout,3882
Karimnagar,Subhashnagar,3751
Karimnagar,Ramnagar,1793
Karimnagar,Ramnagar,2289
Bangalore,BTM Layout,2584
Bangalore,Indiranagar,4173
Karimnagar,Mankammathota,3471
Hyderabad,Banjara Hills,4768
Hyderabad,Kukatpally,4270
Karimnagar,Jyothinagar,1542
Bangalore,Koramangala,4781
Karimnagar,Ramnagar,1096
Bangalore,Jayanagar,4999
Karimnagar,Mankammathota,1716
Hyderabad,Gachibowli,2202
Bangalore,Indiranagar,1244
Hyderabad,Begumpet,3824
Bangalore,BTM Layout,1232
Karimnagar,Mankammathota,2346
Bangalore,Indiranagar,1450
Bangalore,Indiranagar,1062
Bangalore,Whitefield,3869
Hyderabad,Kukatpally,2928
Karimnagar,Vavilalapally,3446
Bangalore,Whitefield,3868
Hyderabad,Gachibowli,3469
Bangalore,Indiranagar,1169
Hyderabad,Begumpet,3046
Karimnagar,Ramnagar,4727
Karimnagar,Jyothinagar,1305
Karimnagar,Subhashnagar,4063
Bangalore,BTM Layout,1473
Karimnagar,Jyothinagar,3287
Karimnagar,Vavilalapally,4929
Hyderabad,Madhapur,1353
Karimnagar,Ramnagar,2237
Bangalore,Koramangala,1879
Hyderabad,Banjara Hills,880
Hyderabad,Gachibowli,3245
Bangalore,BTM Layout,2335
Bangalore,Whitefield,4957
Bangalore,Indiranagar,3647
Bangalore,Indiranagar,1396
Bangalore,Koramangala,3892
Karimnagar,Subhashnagar,4873
Hyderabad,Gachibowli,3470
Karimnagar,Ramnagar,4630
Karimnagar,Vavilalapally,2019
Hyderabad,Gachibowli,4081
Bangalore,Jayanagar,1660
Bangalore,Indiranagar,3527
Bangalore,Jayanagar,1185
Bangalore,Jayanagar,3160
Bangalore,Whitefield,3340
Hyderabad,Madhapur,1385
Bangalore,BTM Layout,4991
Karimnagar,Ramnagar,4698
Karimnagar,Ramnagar,4225
Karimnagar,Ramnagar,4387
Bangalore,BTM Layout,1002
Hyderabad,Gachibowli,2624
Hyderabad,Begumpet,2360
Karimnagar,Vavilalapally,2211
Bangalore,Koramangala,4100
Karimnagar,Mankammathota,3254
Hyderabad,Gachibowli,843
Bangalore,Whitefield,2415
Hyderabad,Begumpet,1342
Bangalore,Koramangala,3896
Bangalore,Koramangala,1772
Bangalore,Jayanagar,1996
Karimnagar,Vavilalapally,2168
Hyderabad,Madhapur,1288
Bangalore,Indiranagar,1221
Bangalore,BTM Layout,3183
Karimnagar,Subhashnagar,2284
Karimnagar,Mankammathota,2311
Bangalore,Jayanagar,4989
Karimnagar,Ramnagar,2817
Hyderabad,Madhapur,2233
Karimnagar,Vavilalapally,3253
Hyderabad,Kukatpally,4763
Hyderabad,Kukatpally,1158
Karimnagar,Jyothinagar,1848
Bangalore,Koramangala,4557
Hyderabad,Begumpet,3162
Bangalore,Koramangala,4945
Hyderabad,Madhapur,4507
Bangalore,Jayanagar,1904
Hyderabad,Banjara Hills,3758
Bangalore,Koramangala,1577
Bangalore,Whitefield,1528
Hyderabad,Madhapur,968
Bangalore,Jayanagar,1018
Karimnagar,Jyothinagar,843
Hyderabad,Kukatpally,3998
Karimnagar,Jyothinagar,4084
Bangalore,Indiranagar,1530
Hyderabad,Begumpet,3508
Hyderabad,Kukatpally,2870
Bangalore,Indiranagar,2430
Hyderabad,Gachibowli,2165
Hyderabad,Madhapur,4537
Hyderabad,Madhapur,3376
Bangalore,Whitefield,4256
Hyderabad,Kukatpally,1685
Karimnagar,Mankammathota,1651
Hyderabad,Banjara Hills,4547
Karimnagar,Ramnagar,2375
Karimnagar,Vavilalapally,3377
Hyderabad,Madhapur,4343
Karimnagar,Ramnagar,4152
Hyderabad,Gachibowli,4701
Karimnagar,Jyothinagar,4454
Hyderabad,Banjara Hills,2831
Karimnagar,Vavilalapally,1447
Hyderabad,Kukatpally,3306
Bangalore,Indiranagar,3718
Karimnagar,Ramnagar,4132
Karimnagar,Vavilalapally,2697
Karimnagar,Mankammathota,4873
Hyderabad,Begumpet,4889
Bangalore,Indiranagar,2656
Hyderabad,Begumpet,830
Karimnagar,Mankammathota,1416
Bangalore,BTM Layout,1313
Bangalore,Indiranagar,4600
Karimnagar,Vavilalapally,3957
Bangalore,Jayanagar,3877
Bangalore,Jayanagar,1823
Bangalore,Whitefield,2273
Karimnagar,Mankammathota,2447
Karimnagar,Jyothinagar,1420
Karimnagar,Jyothinagar,4441
Hyderabad,Madhapur,4355
Karimnagar,Subhashnagar,3850
Karimnagar,Vavilalapally,4127
Karimnagar,Ramnagar,1773
Hyderabad,Kukatpally,3464
Karimnagar,Subhashnagar,2476
Bangalore,Indiranagar,4357
Bangalore,Koramangala,3064
Hyderabad,Kukatpally,951
Karimnagar,Subhashnagar,4355
Karimnagar,Ramnagar,2955
Bangalore,Whitefield,2496
Karimnagar,Subhashnagar,1902
Bangalore,BTM Layout,4266
Hyderabad,Banjara Hills,4250
Hyderabad,Banjara Hills,2663
Bangalore,BTM Layout,3425
Bangalore,Jayanagar,3456
Hyderabad,Kukatpally,1686
Karimnagar,Mankammathota,4643
Hyderabad,Madhapur,2250
Bangalore,Koramangala,1304
Karimnagar,Ramnagar,3998
Hyderabad,Madhapur,1733
Hyderabad,Madhapur,806
Karimnagar,Jyothinagar,4875
Karimnagar,Jyothinagar,1262
Karimnagar,Subhashnagar,4641
Hyderabad,Madhapur,2015
Hyderabad,Madhapur,2173
Hyderabad,Begumpet,3853
Karimnagar,Jyothinagar,3851
Hyderabad,Gachibowli,2985
Karimnagar,Vavilalapally,3227
Karimnagar,Jyothinagar,2484
Hyderabad,Kukatpally,2951
Karimnagar,Jyothinagar,3109
Karimnagar,Ramnagar,2241
Karimnagar,Ramnagar,4184
Bangalore,Indiranagar,2226
Karimnagar,Subhashnagar,3692
Karimnagar,Mankammathota,3884
Karimnagar,Mankammathota,3063
Hyderabad,Gachibowli,1975
Hyderabad,Kukatpally,1825
Bangalore,BTM Layout,2774
Bangalore,Koramangala,2189
Karimnagar,Jyothinagar,4080
Hyderabad,Madhapur,2309
Bangalore,Indiranagar,4090
Karimnagar,Jyothinagar,3843
Karimnagar,Mankammathota,2959
Karimnagar,Ramnagar,4606
Bangalore,Indiranagar,4878
Karimnagar,Ramnagar,4031
Karimnagar,Ramnagar,3273
Hyderabad,Begumpet,2194
Hyderabad,Banjara Hills,3827
Karimnagar,Mankammathota,2801
Karimnagar,Vavilalapally,3943
Hyderabad,Banjara Hills,1918
Bangalore,BTM Layout,1544
Hyderabad,Gachibowli,4076
Bangalore,Koramangala,2646
Hyderabad,Gachibowli,2121
Hyderabad,Gachibowli,2424
Hyderabad,Gachibowli,3233
Karimnagar,Subhashnagar,864
Hyderabad,Madhapur,1777
Karimnagar,Subhashnagar,1301
Bangalore,Koramangala,4677
Karimnagar,Mankammathota,4986
Karimnagar,Ramnagar,1942
Karimnagar,Jyothinagar,3030
Karimnagar,Jyothinagar,1677
Karimnagar,Vavilalapally,1736
Bangalore,Indiranagar,2236
Karimnagar,Vavilalapally,3130
Hyderabad,Kukatpally,4273
Bangalore,BTM Layout,3077
Hyderabad,Gachibowli,2859
Bangalore,BTM Layout,4720
Karimnagar,Subhashnagar,2922
Karimnagar,Subhashnagar,1222
Hyderabad,Madhapur,3029
Bangalore,Indiranagar,4873
Bangalore,Indiranagar,1971
Bangalore,Jayanagar,2796
Bangalore,Koramangala,4982
Bangalore,Indiranagar,1255
Karimnagar,Mankammathota,4117
Bangalore,Jayanagar,3681
Bangalore,Koramangala,2031
Karimnagar,Subhashnagar,4408
Hyderabad,Kukatpally,4158
Karimnagar,Subhashnagar,2295
Karimnagar,Mankammathota,2039
Karimnagar,Mankammathota,4732
Hyderabad,Kukatpally,2561
Bangalore,Jayanagar,834
Bangalore,Indiranagar,4710
Karimnagar,Mankammathota,1844
Karimnagar,Vavilalapally,3381
Karimnagar,Subhashnagar,4056
Hyderabad,Kukatpally,4733
Hyderabad,Madhapur,2899
Hyderabad,Begumpet,1071
Karimnagar,Mankammathota,2910
Karimnagar,Subhashnagar,4763
Hyderabad,Banjara Hills,4553
Hyderabad,Madhapur,3439
Karimnagar,Jyothinagar,1628
Karimnagar,Jyothinagar,3343
Hyderabad,Madhapur,3635
Hyderabad,Gachibowli,4707
Bangalore,Jayanagar,1421
Hyderabad,Kukatpally,2696
Bangalore,BTM Layout,3237
Hyderabad,Kukatpally,2049
Hyderabad,Begumpet,3731
Bangalore,BTM Layout,3752
Hyderabad,Kukatpally,4927
Karimnagar,Mankammathota,4574
Bangalore,BTM Layout,1186
Hyderabad,Kukatpally,1735
Hyderabad,Kukatpally,2789
Karimnagar,Subhashnagar,1298
Hyderabad,Kukatpally,1094
Karimnagar,Jyothinagar,1646
Bangalore,BTM Layout,2786
Karimnagar,Ramnagar,1187
Bangalore,BTM Layout,2443
Bangalore,Whitefield,3231
Hyderabad,Madhapur,1817
Hyderabad,Gachibowli,2589
Hyderabad,Begumpet,2945
Hyderabad,Gachibowli,2455
Bangalore,BTM Layout,2035
Bangalore,Koramangala,1257
Karimnagar,Vavilalapally,4834
Bangalore,Whitefield,4978
Karimnagar,Subhashnagar,2879
Hyderabad,Banjara Hills,1957
Hyderabad,Banjara Hills,4725
Bangalore,Whitefield,1602
Karimnagar,Mankammathota,4011
Karimnagar,Ramnagar,1927
Karimnagar,Ramnagar,3793
Karimnagar,Vavilalapally,1606
Karimnagar,Vavilalapally,2905
Karimnagar,Mankammathota,3978
Karimnagar,Ramnagar,3857
Karimnagar,Subhashnagar,1522
Bangalore,Whitefield,1675
Hyderabad,Madhapur,4637
Hyderabad,Madhapur,3342
Bangalore,BTM Layout,1594
Hyderabad,Gachibowli,4608
Hyderabad,Banjara Hills,4686
Bangalore,BTM Layout,3632
Bangalore,Jayanagar,3529
Hyderabad,Kukatpally,1620
Karimnagar,Vavilalapally,4906
Karimnagar,Subhashnagar,1955
Hyderabad,Banjara Hills,2807
Hyderabad,Gachibowli,2035
Karimnagar,Subhashnagar,1653
Karimnagar,Mankammathota,2545
Bangalore,Koramangala,3229
Bangalore,Indiranagar,4015
Bangalore,Whitefield,4954
Bangalore,Whitefield,4088
Karimnagar,Subhashnagar,2050
Karimnagar,Ramnagar,3813
Bangalore,BTM Layout,2422
Bangalore,Indiranagar,2712
Hyderabad,Madhapur,1220
Bangalore,Jayanagar,1195
Karimnagar,Jyothinagar,4901
Bangalore,Indiranagar,996
Bangalore,Jayanagar,2848
Karimnagar,Subhashnagar,1797
Bangalore,Indiranagar,2442
Hyderabad,Banjara Hills,2719
Karimnagar,Subhashnagar,1027
Bangalore,Jayanagar,4836
Karimnagar,Mankammathota,1651
Hyderabad,Kukatpally,2962
Bangalore,Koramangala,822
Karimnagar,Subhashnagar,2317
Karimnagar,Jyothinagar,1675
Karimnagar,Jyothinagar,2770
Bangalore,Whitefield,1085
Hyderabad,Banjara Hills,3876
Hyderabad,Banjara Hills,804
Karimnagar,Vavilalapally,1357
Hyderabad,Madhapur,1559
Karimnagar,Mankammathota,4517
Karimnagar,Vavilalapally,3992
Hyderabad,Madhapur,2557
Bangalore,Indiranagar,3648
Bangalore,BTM Layout,1027
Bangalore,BTM Layout,1339
Hyderabad,Madhapur,2478
Karimnagar,Subhashnagar,1214
Karimnagar,Subhashnagar,3129
Hyderabad,Banjara Hills,3190
Bangalore,Koramangala,1283
Hyderabad,Gachibowli,2851
Karimnagar,Ramnagar,3169
Hyderabad,Kukatpally,2660
Bangalore,Jayanagar,4332
Bangalore,Whitefield,2559
Hyderabad,Begumpet,890
Bangalore,Whitefield,2697
Hyderabad,Madhapur,3180
Karimnagar,Ramnagar,1143
Karimnagar,Ramnagar,1539
Bangalore,Whitefield,2856
Bangalore,Indiranagar,2775
Bangalore,Whitefield,2453
Bangalore,Jayanagar,4967
Karimnagar,Ramnagar,3126
Bangalore,Indiranagar,1280
Karimnagar,Vavilalapally,3152
Bangalore,Indiranagar,4643
Hyderabad,Begumpet,1530
Karimnagar,Subhashnagar,2500
Bangalore,Whitefield,1925
Karimnagar,Mankammathota,4901
Bangalore,Jayanagar,3655
Hyderabad,Kukatpally,4194
Karimnagar,Jyothinagar,4334
Karimnagar,Subhashnagar,3089
Karimnagar,Mankammathota,4608
Hyderabad,Gachibowli,4268
Hyderabad,Banjara Hills,4324
Karimnagar,Ramnagar,3307
Bangalore,Jayanagar,1915
Hyderabad,Begumpet,2380
Karimnagar,Mankammathota,1780
Hyderabad,Begumpet,975
Bangalore,Indiranagar,930
Bangalore,Jayanagar,4382
Bangalore,Indiranagar,4616
Hyderabad,Kukatpally,2807
Bangalore,Koramangala,1505
Hyderabad,Gachibowli,1607
Hyderabad,Begumpet,1585
Karimnagar,Mankammathota,1326
Karimnagar,Mankammathota,4494
Karimnagar,Subhashnagar,3497
Karimnagar,Ramnagar,1372
Hyderabad,Madhapur,1350
Karimnagar,Vavilalapally,2340
Karimnagar,Jyothinagar,2984
Hyderabad,Banjara Hills,820
Bangalore,Whitefield,2939
Bangalore,Koramangala,4584
Karimnagar,Vavilalapally,1484
Karimnagar,Vavilalapally,4099
Bangalore,Jayanagar,3600
Hyderabad,Banjara Hills,2992
Hyderabad,Banjara Hills,4230
Bangalore,Koramangala,2464
Hyderabad,Kukatpally,2670
Bangalore,BTM Layout,4440
Hyderabad,Madhapur,4571
Hyderabad,Madhapur,2694
Karimnagar,Subhashnagar,3207
Hyderabad,Madhapur,4507
Bangalore,Jayanagar,3417
Hyderabad,Banjara Hills,4127
Hyderabad,Kukatpally,4101
Karimnagar,Subhashnagar,1600
Bangalore,BTM Layout,3857
Hyderabad,Begumpet,4818
Hyderabad,Banjara Hills,2889
Karimnagar,Mankammathota,4241
Bangalore,BTM Layout,4161
Bangalore,Jayanagar,2077
Karimnagar,Ramnagar,2543
Karimnagar,Mankammathota,3358
Hyderabad,Banjara Hills,2610
Hyderabad,Madhapur,4808
Bangalore,Koramangala,2743
Bangalore,Jayanagar,1275
Hyderabad,Kukatpally,4046
Hyderabad,Begumpet,2386
Hyderabad,Kukatpally,2797
Hyderabad,Banjara Hills,3970
Hyderabad,Banjara Hills,2666
Bangalore,Koramangala,4239
Karimnagar,Jyothinagar,1589
Hyderabad,Madhapur,3898
Hyderabad,Begumpet,4071
Bangalore,Jayanagar,4695
Bangalore,BTM Layout,2906
Bangalore,Indiranagar,4281
Bangalore,Whitefield,2661
Bangalore,Jayanagar,3197
Karimnagar,Vavilalapally,4936
Karimnagar,Subhashnagar,2435
Bangalore,Indiranagar,3087
Hyderabad,Gachibowli,3847
Bangalore,BTM Layout,1460
Hyderabad,Begumpet,4277
Karimnagar,Vavilalapally,3116
Bangalore,BTM Layout,4092
Bangalore,Koramangala,3828
Karimnagar,Mankammathota,4200
Hyderabad,Gachibowli,910
Bangalore,Koramangala,1081
Karimnagar,Subhashnagar,1194
Bangalore,Jayanagar,4322
Bangalore,Jayanagar,4178
Hyderabad,Begumpet,4673
Bangalore,Jayanagar,2890
Bangalore,Indiranagar,1211
Bangalore,Koramangala,1172
Hyderabad,Banjara Hills,2440
Karimnagar,Ramnagar,1007
Bangalore,Indiranagar,2440
Karimnagar,Vavilalapally,2065
Karimnagar,Vavilalapally,3493
Bangalore,Jayanagar,1929
Bangalore,Koramangala,1985
Karimnagar,Ramnagar,3726
Hyderabad,Gachibowli,3199
Karimnagar,Vavilalapally,3139
Karimnagar,Ramnagar,4283
Hyderabad,Kukatpally,2275
Bangalore,Koramangala,4043
Karimnagar,Ramnagar,2281
Hyderabad,Madhapur,1841
Bangalore,Koramangala,3350
Hyderabad,Banjara Hills,4731
Karimnagar,Jyothinagar,922
Hyderabad,Begumpet,3903
Bangalore,BTM Layout,1751
Hyderabad,Kukatpally,2956
Karimnagar,Ramnagar,941
Bangalore,Whitefield,3892
Hyderabad,Gachibowli,4674
Karimnagar,Subhashnagar,4357
Hyderabad,Banjara Hills,937
Hyderabad,Begumpet,1037
Hyderabad,Gachibowli,2699
Hyderabad,Gachibowli,1811
Karimnagar,Mankammathota,4746
Karimnagar,Jyothinagar,4185
Karimnagar,Vavilalapally,3784
Bangalore,Whitefield,4115
Bangalore,Whitefield,1612
Bangalore,Indiranagar,2129
Hyderabad,Banjara Hills,1916
Hyderabad,Banjara Hills,1074
Bangalore,Jayanagar,1861
Bangalore,Jayanagar,1653
Bangalore,Koramangala,4082
Hyderabad,Banjara Hills,3452
Hyderabad,Banjara Hills,1912
Hyderabad,Gachibowli,2598
Karimnagar,Subhashnagar,2161
Karimnagar,Ramnagar,4101
Karimnagar,Ramnagar,899
Bangalore,BTM Layout,3971
Hyderabad,Gachibowli,2193
Karimnagar,Ramnagar,4536
Bangalore,Indiranagar,1101
Karimnagar,Subhashnagar,3401
Bangalore,Whitefield,1359
Karimnagar,Subhashnagar,3799
Hyderabad,Begumpet,4723
Karimnagar,Subhashnagar,3683
Bangalore,Whitefield,4132
Hyderabad,Kukatpally,3802
Bangalore,Jayanagar,1205
Hyderabad,Kukatpally,3324
Karimnagar,Mankammathota,4343
Karimnagar,Vavilalapally,4284
Hyderabad,Kukatpally,1873
Bangalore,Indiranagar,3986
Bangalore,Indiranagar,2438
Bangalore,Whitefield,4270
Bangalore,Jayanagar,4070
Karimnagar,Jyothinagar,1200
Hyderabad,Banjara Hills,912
Bangalore,Jayanagar,3692
Bangalore,Koramangala,4807
Bangalore,Jayanagar,3285
Karimnagar,Jyothinagar,1254
Bangalore,Koramangala,3207
Karimnagar,Subhashnagar,4416
Bangalore,BTM Layout,844
Hyderabad,Gachibowli,1977
Bangalore,BTM Layout,4321
Bangalore,BTM Layout,3391
Hyderabad,Begumpet,3463
Karimnagar,Subhashnagar,2540
Hyderabad,Banjara Hills,1029
Karimnagar,Subhashnagar,3060
Hyderabad,Begumpet,2666
Hyderabad,Madhapur,1474
Karimnagar,Subhashnagar,3979
Hyderabad,Madhapur,1899
Bangalore,Koramangala,1626
Karimnagar,Ramnagar,1263
Bangalore,BTM Layout,4005
Karimnagar,Subhashnagar,2679
Karimnagar,Jyothinagar,955
Hyderabad,Madhapur,2786
Karimnagar,Vavilalapally,4159
Hyderabad,Kukatpally,4829
Bangalore,Jayanagar,1141
Karimnagar,Jyothinagar,955
Karimnagar,Vavilalapally,2551
Hyderabad,Gachibowli,2980
Hyderabad,Madhapur,3481
Hyderabad,Banjara Hills,3433
Bangalore,Indiranagar,3874
Karimnagar,Mankammathota,1700
Karimnagar,Ramnagar,2971
Karimnagar,Jyothinagar,3543
Hyderabad,Madhapur,1139
Bangalore,BTM Layout,4982
Karimnagar,Ramnagar,2859
Hyderabad,Kukatpally,2519
Bangalore,Whitefield,3284
Karimnagar,Subhashnagar,2433
Bangalore,Indiranagar,4263
Hyderabad,Kukatpally,1803
Hyderabad,Begumpet,4683
Karimnagar,Subhashnagar,2092
Karimnagar,Ramnagar,4610
Hyderabad,Kukatpally,1186
Bangalore,Indiranagar,1267
Karimnagar,Jyothinagar,4322
Bangalore,BTM Layout,3001
Hyderabad,Begumpet,4655
Hyderabad,Kukatpally,4027
Karimnagar,Jyothinagar,1910
Hyderabad,Banjara Hills,2028
Bangalore,Jayanagar,4505
Bangalore,Koramangala,927
Karimnagar,Ramnagar,4700
Bangalore,Koramangala,4195
Karimnagar,Subhashnagar,1801
Bangalore,Whitefield,2779
Bangalore,Indiranagar,4639
Bangalore,Koramangala,3361
Hyderabad,Madhapur,3729
Bangalore,Jayanagar,1281
Bangalore,BTM Layout,3786
Bangalore,Koramangala,1323
Karimnagar,Ramnagar,1207
Karimnagar,Subhashnagar,1125
Hyderabad,Madhapur,4028
Bangalore,BTM Layout,1505
Hyderabad,Madhapur,4735
Karimnagar,Jyothinagar,984
Bangalore,BTM Layout,1949
Karimnagar,Mankammathota,2447
Hyderabad,Kukatpally,1549
Karimnagar,Jyothinagar,1153
Karimnagar,Jyothinagar,4492
Hyderabad,Madhapur,1648
Hyderabad,Begumpet,2500
Karimnagar,Mankammathota,4004
Karimnagar,Jyothinagar,2228
Karimnagar,Subhashnagar,3455
Hyderabad,Gachibowli,3999
Karimnagar,Jyothinagar,2917
Hyderabad,Gachibowli,1734
Hyderabad,Madhapur,3941
Hyderabad,Begumpet,2550
Bangalore,Whitefield,979
Hyderabad,Gachibowli,3752
Hyderabad,Kukatpally,4785
Karimnagar,Vavilalapally,1555
Karimnagar,Subhashnagar,4175
Karimnagar,Subhashnagar,4249
Hyderabad,Gachibowli,3113
Hyderabad,Kukatpally,4214
Bangalore,Jayanagar,3778
Bangalore,Jayanagar,2935
Hyderabad,Madhapur,4115
Bangalore,BTM Layout,4204
Karimnagar,Mankammathota,1766
Karimnagar,Jyothinagar,2829
Hyderabad,Kukatpally,2090
Bangalore,Koramangala,3508
Bangalore,Jayanagar,4795
Bangalore,BTM Layout,3886
Karimnagar,Subhashnagar,2290
Bangalore,BTM Layout,1560
Hyderabad,Kukatpally,1723
Karimnagar,Ramnagar,3078
Bangalore,Whitefield,1105
Bangalore,Koramangala,2336
Hyderabad,Banjara Hills,890
Karimnagar,Mankammathota,1507
Karimnagar,Mankammathota,3202
Karimnagar,Jyothinagar,3742
Hyderabad,Banjara Hills,3209
Bangalore,Indiranagar,4632
Bangalore,Jayanagar,2871
Hyderabad,Begumpet,1676
Bangalore,Whitefield,3922
Karimnagar,Jyothinagar,2187
Bangalore,Whitefield,3604
Hyderabad,Madhapur,2154
Karimnagar,Jyothinagar,855
Hyderabad,Kukatpally,957
Bangalore,Indiranagar,4446
Bangalore,Koramangala,3662
Karimnagar,Mankammathota,809
Hyderabad,Madhapur,4736
Karimnagar,Vavilalapally,3806
Hyderabad,Gachibowli,4282
Karimnagar,Mankammathota,4357
Hyderabad,Gachibowli,1945
Karimnagar,Jyothinagar,4075
Bangalore,BTM Layout,4265
Hyderabad,Banjara Hills,1737
Bangalore,Indiranagar,4231
Karimnagar,Jyothinagar,2911
Hyderabad,Kukatpally,3372
Hyderabad,Gachibowli,877
Karimnagar,Jyothinagar,2849
Karimnagar,Subhashnagar,1005
Karimnagar,Jyothinagar,991
Karimnagar,Vavilalapally,4878
Hyderabad,Gachibowli,1572
Bangalore,Whitefield,4925
Bangalore,BTM Layout,1548
Bangalore,Koramangala,4924
Hyderabad,Madhapur,1235
Bangalore,Indiranagar,2551
Bangalore,Whitefield,1290
Bangalore,Indiranagar,2570
Karimnagar,Subhashnagar,2943
Hyderabad,Begumpet,2966
Hyderabad,Gachibowli,3595
Karimnagar,Subhashnagar,3828
Bangalore,Whitefield,1281
Bangalore,Whitefield,2614
Karimnagar,Jyothinagar,3268
Bangalore,BTM Layout,2607
Hyderabad,Banjara Hills,4970
Bangalore,Koramangala,4266
Hyderabad,Madhapur,4879
Bangalore,Whitefield,1034
Karimnagar,Vavilalapally,3412
Hyderabad,Begumpet,2674
Hyderabad,Begumpet,1299
Hyderabad,Madhapur,1793
Karimnagar,Ramnagar,4371
Karimnagar,Subhashnagar,3176
Karimnagar,Vavilalapally,1821
Bangalore,Jayanagar,1943
Hyderabad,Madhapur,2777
Hyderabad,Begumpet,1466
Bangalore,Indiranagar,4592
Hyderabad,Banjara Hills,4543
Hyderabad,Begumpet,2010
Karimnagar,Mankammathota,3281
Hyderabad,Banjara Hills,4275
Karimnagar,Mankammathota,1642
Hyderabad,Madhapur,3081
Bangalore,Koramangala,3851
Bangalore,Indiranagar,3100
Hyderabad,Gachibowli,2610
Karimnagar,Subhashnagar,2665
Hyderabad,Kukatpally,1350
Bangalore,Koramangala,858
Hyderabad,Madhapur,2767
Bangalore,Koramangala,2315
Bangalore,Jayanagar,2511
Hyderabad,Gachibowli,2060
Hyderabad,Banjara Hills,4257
Hyderabad,Begumpet,3242
Hyderabad,Madhapur,3767
Bangalore,BTM Layout,4128
Hyderabad,Gachibowli,1125
Karimnagar,Jyothinagar,1192
Karimnagar,Vavilalapally,926
Hyderabad,Madhapur,2357
Hyderabad,Begumpet,3589
Hyderabad,Gachibowli,1296
Hyderabad,Kukatpally,1968
Bangalore,Koramangala,2806
Karimnagar,Ramnagar,2005
Karimnagar,Mankammathota,4773
Bangalore,Indiranagar,4513
Karimnagar,Jyothinagar,4744
Bangalore,Indiranagar,4888
Bangalore,Koramangala,1706
Bangalore,Koramangala,4013
Bangalore,Koramangala,1046
Bangalore,Jayanagar,1360
Karimnagar,Vavilalapally,3207
Karimnagar,Subhashnagar,2881
Hyderabad,Gachibowli,4320
Hyderabad,Kukatpally,2813
Karimnagar,Vavilalapally,3997
Karimnagar,Vavilalapally,3874
Karimnagar,Subhashnagar,3367
Karimnagar,Mankammathota,4992
Hyderabad,Madhapur,3225
Karimnagar,Jyothinagar,3841
Bangalore,Jayanagar,3116
Karimnagar,Subhashnagar,3572
Hyderabad,Gachibowli,4038
Hyderabad,Begumpet,4400
Bangalore,Indiranagar,2678
Karimnagar,Vavilalapally,2554
Bangalore,Indiranagar,2762
Bangalore,Indiranagar,1408
Karimnagar,Subhashnagar,4934
Hyderabad,Gachibowli,2946
Bangalore,Indiranagar,3473
Hyderabad,Madhapur,2547
Karimnagar,Ramnagar,3918
Bangalore,Whitefield,1038
Hyderabad,Madhapur,4824
Hyderabad,Madhapur,3361
Karimnagar,Ramnagar,1909
Karimnagar,Mankammathota,4574
Bangalore,Whitefield,1709
Karimnagar,Mankammathota,2350
Bangalore,BTM Layout,1162
Bangalore,Indiranagar,2622
Bangalore,Indiranagar,3711
Bangalore,Jayanagar,1702
Hyderabad,Gachibowli,3055
Bangalore,Indiranagar,3018
Bangalore,Koramangala,3558
Hyderabad,Begumpet,4995
Hyderabad,Kukatpally,2374
Karimnagar,Vavilalapally,3625
Hyderabad,Begumpet,3019
Hyderabad,Kukatpally,2459
Bangalore,Koramangala,2968
Karimnagar,Subhashnagar,2687
Hyderabad,Begumpet,1823
Hyderabad,Gachibowli,1422
Bangalore,Jayanagar,3679
Bangalore,Koramangala,4288
Hyderabad,Kukatpally,3520
Karimnagar,Jyothinagar,2163
Karimnagar,Jyothinagar,3870
Karimnagar,Ramnagar,3513
Hyderabad,Begumpet,1309
Hyderabad,Madhapur,2597
Karimnagar,Ramnagar,2735
Karimnagar,Subhashnagar,3867
Karimnagar,Jyothinagar,1762
Hyderabad,Banjara Hills,2552
Bangalore,Whitefield,2094
Hyderabad,Kukatpally,2272
Bangalore,Koramangala,2135
Karimnagar,Jyothinagar,2743
Hyderabad,Kukatpally,1204
Bangalore,Jayanagar,2726
Karimnagar,Subhashnagar,2678
Hyderabad,Madhapur,1558
Karimnagar,Mankammathota,1846
Hyderabad,Begumpet,2979
Hyderabad,Gachibowli,4928
Karimnagar,Jyothinagar,2719
Bangalore,Koramangala,2244
Hyderabad,Madhapur,1106
Hyderabad,Kukatpally,4279
Bangalore,Jayanagar,1213
Hyderabad,Madhapur,1543
Hyderabad,Kukatpally,4641
Karimnagar,Ramnagar,3026
Bangalore,Whitefield,4008
Karimnagar,Jyothinagar,1150
Bangalore,Indiranagar,4480
Hyderabad,Madhapur,4734
Karimnagar,Subhashnagar,1864
Karimnagar,Jyothinagar,1235
Karimnagar,Ramnagar,4005
Karimnagar,Mankammathota,2249
Karimnagar,Vavilalapally,4776
Karimnagar,Ramnagar,4049
Bangalore,Jayanagar,3441
Karimnagar,Vavilalapally,3768
Bangalore,Indiranagar,1904
Bangalore,Whitefield,2993
Karimnagar,Mankammathota,3101
Bangalore,Indiranagar,3928
Bangalore,BTM Layout,1083
Karimnagar,Mankammathota,1952
Karimnagar,Vavilalapally,4115
Hyderabad,Banjara Hills,4029
Karimnagar,Mankammathota,3884
Bangalore,Jayanagar,2919
Hyderabad,Banjara Hills,2849
Karimnagar,Vavilalapally,2278
Hyderabad,Banjara Hills,954
Hyderabad,Banjara Hills,1273
Bangalore,BTM Layout,3316
Bangalore,BTM Layout,1377
Bangalore,Whitefield,4751
Karimnagar,Vavilalapally,4516
Hyderabad,Banjara Hills,1728
Bangalore,Koramangala,3318
Hyderabad,Madhapur,1057
Bangalore,Indiranagar,1868
Karimnagar,Ramnagar,4532
Hyderabad,Banjara Hills,3061
Bangalore,BTM Layout,3447
Bangalore,Koramangala,4792
Karimnagar,Vavilalapally,4135
Hyderabad,Kukatpally,1045
Hyderabad,Madhapur,4546
Bangalore,Koramangala,3112
Karimnagar,Ramnagar,4261
Bangalore,Whitefield,4714
Karimnagar,Jyothinagar,1233
Bangalore,BTM Layout,1042
Bangalore,Whitefield,3310
Hyderabad,Banjara Hills,2914
Hyderabad,Gachibowli,4420
Karimnagar,Jyothinagar,3099
Hyderabad,Kukatpally,2978
Bangalore,Koramangala,4314
Hyderabad,Gachibowli,4843
Hyderabad,Kukatpally,976
Bangalore,Indiranagar,4839
Hyderabad,Begumpet,1291
Karimnagar,Mankammathota,2492
Karimnagar,Mankammathota,3891
Bangalore,Jayanagar,1211
Hyderabad,Gachibowli,2126
Bangalore,Indiranagar,4227
Karimnagar,Vavilalapally,4330
Bangalore,BTM Layout,1508
Karimnagar,Vavilalapally,2142
Bangalore,Jayanagar,2435
Karimnagar,Subhashnagar,3806
Bangalore,BTM Layout,2330
Hyderabad,Kukatpally,3320
Bangalore,BTM Layout,3653
Bangalore,Indiranagar,3374
Hyderabad,Gachibowli,2519
Karimnagar,Vavilalapally,4274
Hyderabad,Kukatpally,1972
Karimnagar,Ramnagar,2272
Hyderabad,Banjara Hills,4059
Bangalore,Whitefield,1948
Karimnagar,Vavilalapally,980
Karimnagar,Vavilalapally,1835
Bangalore,Whitefield,3058
Karimnagar,Subhashnagar,4339
Bangalore,Koramangala,2565
Bangalore,Jayanagar,849
Bangalore,BTM Layout,911
Bangalore,Jayanagar,2301
Karimnagar,Mankammathota,1949
Bangalore,Whitefield,864
Bangalore,Indiranagar,2178
Bangalore,BTM Layout,4544
Bangalore,Koramangala,3296
Hyderabad,Madhapur,4533
Hyderabad,Madhapur,1332
Hyderabad,Gachibowli,3909
Bangalore,Whitefield,1669
Hyderabad,Gachibowli,4544
Hyderabad,Kukatpally,4054
Bangalore,Jayanagar,4467
Hyderabad,Begumpet,931
Karimnagar,Vavilalapally,3837
Bangalore,Koramangala,1148
Hyderabad,Begumpet,2624
Bangalore,Jayanagar,2107
Bangalore,Koramangala,1121
Bangalore,Indiranagar,3295
Karimnagar,Mankammathota,2799
Bangalore,Indiranagar,3312
Bangalore,Jayanagar,3518
Karimnagar,Mankammathota,3418
Bangalore,Jayanagar,4278
Karimnagar,Subhashnagar,2607
Hyderabad,Begumpet,1129
Hyderabad,Kukatpally,3289
Karimnagar,Jyothinagar,2990
Bangalore,Indiranagar,2173
Bangalore,Jayanagar,2897
Bangalore,Indiranagar,3933
Bangalore,Koramangala,3589
Bangalore,Koramangala,3454
Hyderabad,Madhapur,4156
Karimnagar,Mankammathota,2751
Hyderabad,Kukatpally,2549
Bangalore,Indiranagar,1987
Hyderabad,Begumpet,4434
Bangalore,Koramangala,2126
Karimnagar,Jyothinagar,2104
Hyderabad,Kukatpally,852
Bangalore,Indiranagar,1158
Hyderabad,Begumpet,3707
Karimnagar,Jyothinagar,3115
Bangalore,Jayanagar,1287
Karimnagar,Vavilalapally,3301
Karimnagar,Vavilalapally,2037
Hyderabad,Madhapur,810
Hyderabad,Begumpet,2787
Karimnagar,Jyothinagar,3518
Hyderabad,Begumpet,3168
Karimnagar,Subhashnagar,3458
Hyderabad,Begumpet,4985
Hyderabad,Madhapur,3805
Karimnagar,Ramnagar,1971
Karimnagar,Subhashnagar,2187
Hyderabad,Begumpet,956
Hyderabad,Madhapur,1658
Hyderabad,Madhapur,2778
Bangalore,Whitefield,3690
Karimnagar,Mankammathota,2122
Hyderabad,Begumpet,4750
Hyderabad,Gachibowli,4215
Hyderabad,Gachibowli,3393
Hyderabad,Banjara Hills,817
Bangalore,Jayanagar,1456
Bangalore,Indiranagar,2927
Hyderabad,Banjara Hills,1559
Hyderabad,Gachibowli,4773
Hyderabad,Gachibowli,1701
Karimnagar,Jyothinagar,4557
Karimnagar,Mankammathota,4181
Hyderabad,Gachibowli,2787
Hyderabad,Kukatpally,2635
Hyderabad,Gachibowli,2698
Bangalore,Koramangala,1781
Karimnagar,Vavilalapally,2122
Hyderabad,Madhapur,2760
Hyderabad,Gachibowli,3843
Karimnagar,Jyothinagar,3880
Bangalore,Whitefield,2350
Hyderabad,Kukatpally,3198
Bangalore,Jayanagar,3727
Bangalore,Jayanagar,1923
Bangalore,Indiranagar,4476
Bangalore,Jayanagar,1828
Hyderabad,Banjara Hills,1941
Bangalore,BTM Layout,4118
Hyderabad,Kukatpally,3311
Bangalore,Koramangala,4993
Karimnagar,Subhashnagar,2506
Karimnagar,Jyothinagar,2902
Karimnagar,Mankammathota,2561
Karimnagar,Jyothinagar,4814
Karimnagar,Vavilalapally,1129
Bangalore,Koramangala,1632
Karimnagar,Vavilalapally,1110
Bangalore,BTM Layout,2110
Bangalore,Whitefield,1211
Karimnagar,Jyothinagar,3144
Karimnagar,Ramnagar,4855
Karimnagar,Ramnagar,3950
Hyderabad,Gachibowli,2675
Hyderabad,Banjara Hills,3689
Karimnagar,Vavilalapally,1081
Bangalore,BTM Layout,1240
Hyderabad,Begumpet,2423
Hyderabad,Kukatpally,3057
Karimnagar,Mankammathota,1173
Bangalore,Jayanagar,4029
Karimnagar,Jyothinagar,3964
Bangalore,Jayanagar,4444
Bangalore,Whitefield,850
Bangalore,Jayanagar,4347
Bangalore,Indiranagar,4794
Karimnagar,Jyothinagar,3922
Karimnagar,Vavilalapally,1514
Hyderabad,Kukatpally,1500
Karimnagar,Mankammathota,3035
Hyderabad,Gachibowli,1175
Hyderabad,Gachibowli,1769
Bangalore,Koramangala,4536
Bangalore,Indiranagar,2125
Hyderabad,Kukatpally,4558
Karimnagar,Vavilalapally,2218
Karimnagar,Mankammathota,1523
Bangalore,Indiranagar,1288
Bangalore,Koramangala,1391
Bangalore,BTM Layout,4332
Bangalore,Indiranagar,1087
Hyderabad,Begumpet,1421
Karimnagar,Subhashnagar,2369
Karimnagar,Subhashnagar,1236
Bangalore,Koramangala,3358
Karimnagar,Mankammathota,1193
Hyderabad,Banjara Hills,2799
Hyderabad,Gachibowli,1174
Karimnagar,Mankammathota,848
Bangalore,BTM Layout,2707
Bangalore,Indiranagar,2197
Karimnagar,Subhashnagar,4617
Hyderabad,Banjara Hills,3324
Karimnagar,Vavilalapally,3312
Hyderabad,Gachibowli,4009
Bangalore,Indiranagar,2084
Karimnagar,Mankammathota,2051
Karimnagar,Vavilalapally,4773
Hyderabad,Banjara Hills,4365
Karimnagar,Mankammathota,3469
Karimnagar,Vavilalapally,3499
Hyderabad,Madhapur,4702
Karimnagar,Vavilalapally,3784
Hyderabad,Gachibowli,2889
Hyderabad,Banjara Hills,3660
Hyderabad,Madhapur,3463
Bangalore,Jayanagar,4416
Bangalore,Jayanagar,4303
Karimnagar,Jyothinagar,2009
Hyderabad,Banjara Hills,4953
Bangalore,Jayanagar,2050
Karimnagar,Vavilalapally,4232
Karimnagar,Jyothinagar,1791
Bangalore,BTM Layout,1356
Karimnagar,Vavilalapally,1782
Karimnagar,Mankammathota,3903
Hyderabad,Begumpet,2882
Karimnagar,Vavilalapally,2906
Bangalore,Indiranagar,4081
Karimnagar,Jyothinagar,804
Hyderabad,Kukatpally,887
Karimnagar,Vavilalapally,4581
Bangalore,BTM Layout,3749
Bangalore,Jayanagar,2396
Hyderabad,Madhapur,4183
Hyderabad,Madhapur,1437
Karimnagar,Ramnagar,1092
Hyderabad,Begumpet,3365
Bangalore,Koramangala,1779
Bangalore,BTM Layout,2150
Hyderabad,Begumpet,2803
Karimnagar,Jyothinagar,2081
Bangalore,Koramangala,4638
Hyderabad,Madhapur,4150
Bangalore,BTM Layout,1327
Bangalore,Whitefield,3429
Karimnagar,Ramnagar,3037
Karimnagar,Ramnagar,3215
Bangalore,Indiranagar,1300
Karimnagar,Ramnagar,2704
Bangalore,Whitefield,3364
Karimnagar,Vavilalapally,1153
Hyderabad,Begumpet,1397
Karimnagar,Mankammathota,2206
Bangalore,BTM Layout,3247
Bangalore,Koramangala,4796
Karimnagar,Subhashnagar,2545
Karimnagar,Vavilalapally,2707
Bangalore,Whitefield,1076
Bangalore,Koramangala,4462
Hyderabad,Madhapur,3036
Bangalore,Koramangala,3873
Hyderabad,Banjara Hills,3474
Karimnagar,Vavilalapally,1328
Bangalore,Whitefield,1255
Hyderabad,Gachibowli,4457
Bangalore,BTM Layout,4578
Bangalore,BTM Layout,4551
Karimnagar,Ramnagar,4379
Karimnagar,Vavilalapally,2715
Hyderabad,Banjara Hills,1636
Hyderabad,Gachibowli,4491
Bangalore,Koramangala,1174
Karimnagar,Vavilalapally,2288
Karimnagar,Ramnagar,913
Hyderabad,Banjara Hills,4244
Bangalore,Whitefield,3704
Hyderabad,Banjara Hills,3626
Hyderabad,Banjara Hills,3712
Bangalore,Whitefield,3251
Bangalore,Jayanagar,2774
Karimnagar,Vavilalapally,905
Karimnagar,Mankammathota,2771
Hyderabad,Banjara Hills,4997
Bangalore,Koramangala,1830
Bangalore,Koramangala,4112
Karimnagar,Ramnagar,1216
Hyderabad,Kukatpally,4975
Bangalore,Indiranagar,3645
Hyderabad,Begumpet,4725
Karimnagar,Mankammathota,4921
Bangalore,Koramangala,2103
Bangalore,Indiranagar,1438
Karimnagar,Ramnagar,4368
Bangalore,Whitefield,1538
Hyderabad,Begumpet,2280
Karimnagar,Mankammathota,2467
Karimnagar,Mankammathota,3045
Karimnagar,Vavilalapally,4309
Bangalore,BTM Layout,3960
Karimnagar,Ramnagar,3653
Karimnagar,Subhashnagar,4548
Hyderabad,Madhapur,3032
Karimnagar,Jyothinagar,1031
Hyderabad,Madhapur,2131
Hyderabad,Kukatpally,4346
Bangalore,Whitefield,4179
Bangalore,Koramangala,3503
Karimnagar,Vavilalapally,4532
Bangalore,Jayanagar,1820
Karimnagar,Vavilalapally,854
Bangalore,Indiranagar,1171
Karimnagar,Mankammathota,3926
Hyderabad,Kukatpally,3227
Hyderabad,Banjara Hills,2925
Bangalore,Jayanagar,4940
Hyderabad,Kukatpally,2394
Hyderabad,Kukatpally,4416
Bangalore,Indiranagar,3377
Hyderabad,Banjara Hills,1209
Karimnagar,Subhashnagar,2203
Karimnagar,Ramnagar,2810
Hyderabad,Begumpet,4729
Karimnagar,Vavilalapally,2932
Karimnagar,Subhashnagar,3313
Bangalore,Indiranagar,3940
Karimnagar,Vavilalapally,3806
Bangalore,Whitefield,3376
Bangalore,Jayanagar,4071
Hyderabad,Kukatpally,1519
Bangalore,Jayanagar,4862
Bangalore,Indiranagar,1375
Hyderabad,Madhapur,1446
Karimnagar,Mankammathota,2861
Hyderabad,Madhapur,3214
Karimnagar,Ramnagar,4731
Bangalore,Jayanagar,3483
Karimnagar,Mankammathota,1132
Bangalore,Indiranagar,2368
Hyderabad,Madhapur,2247
Hyderabad,Begumpet,3277
Hyderabad,Kukatpally,2920
Bangalore,Indiranagar,4496
Bangalore,Whitefield,1425
Bangalore,Jayanagar,1050
Hyderabad,Begumpet,887
Karimnagar,Vavilalapally,2116
Hyderabad,Kukatpally,3280
Karimnagar,Ramnagar,1225
Hyderabad,Kukatpally,2337
Hyderabad,Madhapur,4692
Karimnagar,Jyothinagar,4319
Bangalore,Whitefield,842
Karimnagar,Jyothinagar,2669
Karimnagar,Vavilalapally,2118
Karimnagar,Mankammathota,903
Karimnagar,Subhashnagar,1933
Karimnagar,Mankammathota,1793
Karimnagar,Subhashnagar,3839
Karimnagar,Jyothinagar,3972
Hyderabad,Begumpet,4433
Hyderabad,Banjara Hills,4927
Karimnagar,Jyothinagar,2896
Bangalore,BTM Layout,4672
Bangalore,BTM Layout,2774
Hyderabad,Kukatpally,3310
Bangalore,Whitefield,3401
Karimnagar,Vavilalapally,3705
Hyderabad,Gachibowli,4974
Bangalore,Jayanagar,1701
Hyderabad,Kukatpally,1889
Karimnagar,Mankammathota,4622
Karimnagar,Jyothinagar,3400
Karimnagar,Subhashnagar,4805
Karimnagar,Ramnagar,3753
Hyderabad,Kukatpally,1130
Karimnagar,Vavilalapally,2492
Hyderabad,Begumpet,1559
Bangalore,Jayanagar,3128
Karimnagar,Vavilalapally,1817
Karimnagar,Subhashnagar,2118
Hyderabad,Begumpet,2718
Bangalore,Jayanagar,1234
Karimnagar,Subhashnagar,2206
Karimnagar,Jyothinagar,1247
Karimnagar,Ramnagar,2247
Karimnagar,Vavilalapally,3912
Karimnagar,Ramnagar,2866
Bangalore,Koramangala,2788
Karimnagar,Vavilalapally,1052
Karimnagar,Subhashnagar,4381
Karimnagar,Jyothinagar,4481
Karimnagar,Ramnagar,4642
Bangalore,BTM Layout,2996
Karimnagar,Jyothinagar,1393
Hyderabad,Begumpet,1926
Karimnagar,Jyothinagar,1201
Hyderabad,Kukatpally,3571
Bangalore,Whitefield,1405
Hyderabad,Kukatpally,4600
Karimnagar,Mankammathota,2092
Bangalore,Indiranagar,4509
Hyderabad,Banjara Hills,2611
Karimnagar,Jyothinagar,4763
Karimnagar,Jyothinagar,1103
Karimnagar,Jyothinagar,2069
Hyderabad,Begumpet,2343
Hyderabad,Kukatpally,3490
Hyderabad,Kukatpally,879
Bangalore,BTM Layout,2700
Bangalore,BTM Layout,2325
Karimnagar,Vavilalapally,4697
Hyderabad,Begumpet,3477
Karimnagar,Vavilalapally,3580
Bangalore,Jayanagar,2079
Hyderabad,Gachibowli,2497
Hyderabad,Madhapur,1880
Bangalore,Jayanagar,1417
Bangalore,Indiranagar,3997
Hyderabad,Begumpet,1627
Bangalore,Indiranagar,4503
Hyderabad,Banjara Hills,4383
Karimnagar,Ramnagar,3393
Hyderabad,Banjara Hills,3342
Karimnagar,Ramnagar,4245
Hyderabad,Banjara Hills,3484
Bangalore,Whitefield,1439
Hyderabad,Begumpet,3837
Bangalore,Whitefield,1405
Bangalore,BTM Layout,3406
Bangalore,BTM Layout,3461
Karimnagar,Jyothinagar,1404
Bangalore,BTM Layout,4273
Hyderabad,Madhapur,2319
Bangalore,Indiranagar,3808
Karimnagar,Vavilalapally,4716
Hyderabad,Madhapur,2611
Bangalore,Indiranagar,947
Bangalore,BTM Layout,4730
Hyderabad,Banjara Hills,3095
Karimnagar,Ramnagar,957
Hyderabad,Kukatpally,2256
Karimnagar,Ramnagar,3828
Karimnagar,Jyothinagar,1880
Karimnagar,Mankammathota,4756
Hyderabad,Begumpet,3102
Karimnagar,Mankammathota,2970
Hyderabad,Banjara Hills,1532
Hyderabad,Madhapur,1088
Bangalore,Jayanagar,4225
Bangalore,Jayanagar,1194
Bangalore,Koramangala,2106
Hyderabad,Begumpet,2393
Hyderabad,Banjara Hills,4666
Bangalore,Indiranagar,1235
Bangalore,Koramangala,3485
Bangalore,Koramangala,4064
Hyderabad,Begumpet,826
Hyderabad,Kukatpally,883
Karimnagar,Subhashnagar,3681
Bangalore,BTM Layout,2739
Karimnagar,Ramnagar,3135
Karimnagar,Subhashnagar,2879
Karimnagar,Jyothinagar,4385
Bangalore,Koramangala,2453
Bangalore,Jayanagar,2682
Hyderabad,Kukatpally,4823
Hyderabad,Madhapur,2121
Karimnagar,Mankammathota,2273
Hyderabad,Madhapur,3549
Hyderabad,Banjara Hills,4999
Karimnagar,Vavilalapally,2541
Bangalore,Jayanagar,2780
Bangalore,Indiranagar,4731
Karimnagar,Mankammathota,2363
Bangalore,Jayanagar,1921
Karimnagar,Ramnagar,4777
Karimnagar,Subhashnagar,3176
Hyderabad,Kukatpally,2137
Hyderabad,Gachibowli,1231
Bangalore,Indiranagar,3790
Hyderabad,Kukatpally,1617
Hyderabad,Madhapur,1460
Hyderabad,Banjara Hills,4594
Bangalore,Koramangala,1574
Bangalore,Jayanagar,2374
Karimnagar,Ramnagar,3371
Bangalore,Whitefield,3949
Bangalore,Jayanagar,3673
Bangalore,Indiranagar,2712
Hyderabad,Gachibowli,1870
Hyderabad,Madhapur,4090
Hyderabad,Gachibowli,2704
Hyderabad,Begumpet,1963
Karimnagar,Subhashnagar,4440
Bangalore,Koramangala,4199
Karimnagar,Vavilalapally,1654
Hyderabad,Banjara Hills,2131
Bangalore,Indiranagar,899
Karimnagar,Vavilalapally,2843
Hyderabad,Banjara Hills,2273
Bangalore,BTM Layout,2551
Bangalore,Whitefield,2942
Karimnagar,Jyothinagar,3862
Bangalore,Jayanagar,3752
Hyderabad,Kukatpally,4250
Bangalore,Indiranagar,1928
Hyderabad,Banjara Hills,2185
Hyderabad,Madhapur,2862
Karimnagar,Vavilalapally,1109
Karimnagar,Ramnagar,3051
Bangalore,Jayanagar,1509
Hyderabad,Gachibowli,1462
Bangalore,Indiranagar,4091
Karimnagar,Jyothinagar,2856
Bangalore,Jayanagar,2455
Karimnagar,Mankammathota,3795
Karimnagar,Ramnagar,1017
Hyderabad,Banjara Hills,4614
Karimnagar,Vavilalapally,2499
Bangalore,Indiranagar,4698
Bangalore,Whitefield,1909
Karimnagar,Vavilalapally,4104
Bangalore,Indiranagar,3342
Bangalore,Jayanagar,2338
Hyderabad,Madhapur,2966
Hyderabad,Madhapur,4970
Karimnagar,Mankammathota,1459
Bangalore,Koramangala,1296
Karimnagar,Mankammathota,814
Karimnagar,Mankammathota,2061
Hyderabad,Madhapur,4566
Hyderabad,Kukatpally,3412
Bangalore,Jayanagar,1215
Hyderabad,Kukatpally,3743
Hyderabad,Gachibowli,3713
Karimnagar,Subhashnagar,4844
Hyderabad,Banjara Hills,3801
Bangalore,Indiranagar,2371
Karimnagar,Subhashnagar,2337
Bangalore,BTM Layout,826
Hyderabad,Kukatpally,2357
Karimnagar,Jyothinagar,3599
Bangalore,Indiranagar,1515
Hyderabad,Begumpet,1887
Hyderabad,Madhapur,3055
Karimnagar,Ramnagar,1463
Karimnagar,Jyothinagar,1990
Hyderabad,Madhapur,1554
Karimnagar,Vavilalapally,1539
Bangalore,BTM Layout,3936
Hyderabad,Madhapur,854
Hyderabad,Kukatpally,4212
Karimnagar,Ramnagar,2768
Hyderabad,Kukatpally,4754
Bangalore,Koramangala,3635
Karimnagar,Jyothinagar,919
Bangalore,Whitefield,1160
Bangalore,Jayanagar,3550
Hyderabad,Madhapur,2173
Hyderabad,Gachibowli,1618
Karimnagar,Mankammathota,4840
Bangalore,BTM Layout,2085
Karimnagar,Jyothinagar,3750
Bangalore,Indiranagar,1476
Hyderabad,Gachibowli,1960
Karimnagar,Jyothinagar,2814
Bangalore,BTM Layout,3322
Bangalore,Jayanagar,2001
Hyderabad,Banjara Hills,4561
Bangalore,Indiranagar,2842
Hyderabad,Banjara Hills,2485
Karimnagar,Jyothinagar,4662
Karimnagar,Jyothinagar,805
Bangalore,BTM Layout,2652
Karimnagar,Subhashnagar,2884
Bangalore,Indiranagar,4204
Bangalore,Jayanagar,1796
Hyderabad,Gachibowli,1263
Karimnagar,Ramnagar,4925
Hyderabad,Madhapur,3413
Hyderabad,Gachibowli,4059
Karimnagar,Ramnagar,4391
Bangalore,BTM Layout,3677
Bangalore,Whitefield,2432
Karimnagar,Jyothinagar,2556
Bangalore,Indiranagar,3654
Bangalore,Whitefield,1781
Karimnagar,Ramnagar,3432
Bangalore,BTM Layout,2815
Karimnagar,Ramnagar,2394
Hyderabad,Gachibowli,1113
Hyderabad,Begumpet,3602
Karimnagar,Subhashnagar,2834
Hyderabad,Gachibowli,2854
Bangalore,Koramangala,849
Karimnagar,Subhashnagar,3806
Hyderabad,Kukatpally,2952
Karimnagar,Vavilalapally,3283
Karimnagar,Vavilalapally,4217
Karimnagar,Subhashnagar,2173
Karimnagar,Vavilalapally,4235
Hyderabad,Kukatpally,2770
Karimnagar,Ramnagar,1070
Karimnagar,Mankammathota,2571
Karimnagar,Ramnagar,2674
Hyderabad,Kukatpally,4220
Bangalore,Koramangala,4052
Karimnagar,Mankammathota,4701
Karimnagar,Vavilalapally,4015
Bangalore,Jayanagar,2283
Bangalore,Koramangala,2833
Karimnagar,Mankammathota,2520
Bangalore,Indiranagar,4089
Hyderabad,Gachibowli,3244
Bangalore,Jayanagar,1230
Hyderabad,Kukatpally,1769
Hyderabad,Madhapur,4230
Bangalore,BTM Layout,1432
Karimnagar,Subhashnagar,3274
Bangalore,Indiranagar,1206
Karimnagar,Ramnagar,4601
Bangalore,Indiranagar,3347
Bangalore,Whitefield,1067
Hyderabad,Madhapur,1823
Bangalore,Indiranagar,1765
Karimnagar,Ramnagar,851
Bangalore,Indiranagar,2793
Hyderabad,Kukatpally,1980
Karimnagar,Jyothinagar,1933
Hyderabad,Banjara Hills,2092
Bangalore,Jayanagar,4460
Hyderabad,Madhapur,4111
Bangalore,Indiranagar,3923
Hyderabad,Gachibowli,4817
Hyderabad,Kukatpally,3068
Karimnagar,Ramnagar,4497
Karimnagar,Vavilalapally,3202
Bangalore,Indiranagar,2565
Bangalore,Koramangala,3440
Hyderabad,Kukatpally,4527
Bangalore,Jayanagar,3554
Karimnagar,Vavilalapally,3917
Hyderabad,Begumpet,2107
Karimnagar,Jyothinagar,4200
Bangalore,Koramangala,3691
Karimnagar,Subhashnagar,2248
Karimnagar,Vavilalapally,2484
Hyderabad,Kukatpally,3702
Karimnagar,Vavilalapally,3519
Karimnagar,Subhashnagar,1374
Karimnagar,Jyothinagar,2566
Hyderabad,Banjara Hills,3656
Hyderabad,Kukatpally,2253
Karimnagar,Jyothinagar,3794
Hyderabad,Kukatpally,1952
Bangalore,Whitefield,1673
Karimnagar,Jyothinagar,3437
Bangalore,Whitefield,2262
Karimnagar,Subhashnagar,2638
Bangalore,Jayanagar,2914
Karimnagar,Vavilalapally,1293
Bangalore,Whitefield,2512
Karimnagar,Subhashnagar,2223
Bangalore,Indiranagar,4208
Karimnagar,Ramnagar,4188
Karimnagar,Subhashnagar,4335
Karimnagar,Vavilalapally,2388
Hyderabad,Kukatpally,4466
Bangalore,Whitefield,3278
Bangalore,BTM Layout,4188
Bangalore,Koramangala,2721
Karimnagar,Subhashnagar,1520
Karimnagar,Vavilalapally,4786
Bangalore,Indiranagar,2807
Karimnagar,Subhashnagar,2588
Karimnagar,Jyothinagar,3636
Hyderabad,Madhapur,3030
Hyderabad,Gachibowli,3982
Bangalore,BTM Layout,3457
Hyderabad,Begumpet,1057
Karimnagar,Jyothinagar,4603
Bangalore,BTM Layout,2101
Bangalore,Indiranagar,3831
Hyderabad,Madhapur,4635
Karimnagar,Subhashnagar,1545
Hyderabad,Begumpet,3397
Bangalore,Koramangala,1105
Karimnagar,Jyothinagar,2626
Hyderabad,Gachibowli,4065
Hyderabad,Kukatpally,1719
Karimnagar,Subhashnagar,3368
Karimnagar,Ramnagar,1763
Karimnagar,Subhashnagar,1779
Hyderabad,Banjara Hills,1271
Bangalore,Jayanagar,1396
Bangalore,Indiranagar,2025
Karimnagar,Vavilalapally,4039
Bangalore,Koramangala,2958
Karimnagar,Ramnagar,3723
Karimnagar,Jyothinagar,4268
Karimnagar,Jyothinagar,3654
Karimnagar,Vavilalapally,1479
Bangalore,BTM Layout,3918
Karimnagar,Mankammathota,1067
Karimnagar,Mankammathota,3603
Bangalore,BTM Layout,3887
Bangalore,Indiranagar,4648
Bangalore,Indiranagar,4547
Bangalore,Koramangala,2886
Hyderabad,Gachibowli,1660
Bangalore,BTM Layout,1832
Karimnagar,Ramnagar,1735
Karimnagar,Jyothinagar,2499
Karimnagar,Subhashnagar,4129
Hyderabad,Begumpet,4878
Karimnagar,Vavilalapally,2115
Hyderabad,Madhapur,1239
Hyderabad,Banjara Hills,2462
Hyderabad,Kukatpally,4103
Karimnagar,Mankammathota,1425
Bangalore,Whitefield,3357
Bangalore,Whitefield,4156
Hyderabad,Gachibowli,4177
Karimnagar,Ramnagar,2282
Bangalore,Whitefield,2876
Bangalore,BTM Layout,1327
Bangalore,Whitefield,852
Hyderabad,Begumpet,4680
Karimnagar,Subhashnagar,3924
Karimnagar,Subhashnagar,2390
Bangalore,Whitefield,2109
Bangalore,BTM Layout,2021
Hyderabad,Madhapur,2101
Karimnagar,Subhashnagar,3907
Karimnagar,Ramnagar,2256
Bangalore,Koramangala,3048
Hyderabad,Gachibowli,1804
Bangalore,Whitefield,4940
Karimnagar,Mankammathota,3665
Hyderabad,Banjara Hills,2919
Bangalore,BTM Layout,1295
Karimnagar,Vavilalapally,4546
Karimnagar,Subhashnagar,3114
Bangalore,Jayanagar,1379
Karimnagar,Jyothinagar,1857
Hyderabad,Madhapur,2554
Karimnagar,Vavilalapally,4894
Hyderabad,Banjara Hills,3662
Bangalore,Whitefield,1111
Bangalore,Koramangala,3816
Hyderabad,Banjara Hills,1956
Karimnagar,Mankammathota,961
Hyderabad,Kukatpally,1470
Bangalore,Koramangala,1419
Bangalore,Indiranagar,4531
Karimnagar,Ramnagar,4429
Bangalore,Jayanagar,2909
Hyderabad,Kukatpally,2362
Bangalore,Koramangala,4259
Hyderabad,Banjara Hills,1359
Bangalore,Koramangala,2694
Bangalore,BTM Layout,1001
Karimnagar,Mankammathota,3269
Hyderabad,Madhapur,2707
Karimnagar,Mankammathota,2320
Bangalore,BTM Layout,2716
Karimnagar,Vavilalapally,933
Hyderabad,Madhapur,2697
Hyderabad,Madhapur,4708
Bangalore,Jayanagar,2120
Bangalore,BTM Layout,2406
Bangalore,Indiranagar,2266
Hyderabad,Gachibowli,1842
Karimnagar,Vavilalapally,4595
Karimnagar,Subhashnagar,2209
Bangalore,Jayanagar,4818
Hyderabad,Gachibowli,3879
Karimnagar,Jyothinagar,1696
Hyderabad,Begumpet,3437
Hyderabad,Gachibowli,1458
Bangalore,Koramangala,1475
Karimnagar,Jyothinagar,4589
Bangalore,BTM Layout,3709
Bangalore,Jayanagar,941
Karimnagar,Mankammathota,1608
Bangalore,BTM Layout,2355
Hyderabad,Gachibowli,818
Karimnagar,Mankammathota,4522
Bangalore,Jayanagar,1549
Bangalore,Whitefield,1420
Karimnagar,Subhashnagar,4116
Bangalore,Jayanagar,3021
Karimnagar,Subhashnagar,2560
Karimnagar,Ramnagar,2671
Bangalore,Koramangala,3877
Karimnagar,Ramnagar,4211
Karimnagar,Vavilalapally,4724
Karimnagar,Vavilalapally,4326
Bangalore,BTM Layout,4182
Hyderabad,Banjara Hills,1494
Karimnagar,Ramnagar,1660
Karimnagar,Mankammathota,3893
Karimnagar,Vavilalapally,3567
Karimnagar,Jyothinagar,4261
Karimnagar,Ramnagar,933
Karimnagar,Mankammathota,2365
Hyderabad,Begumpet,3943
Karimnagar,Jyothinagar,4431
Karimnagar,Subhashnagar,1586
Hyderabad,Madhapur,1796
Bangalore,Koramangala,2275
Karimnagar,Mankammathota,3353
Hyderabad,Banjara Hills,3618
Bangalore,BTM Layout,1120
Hyderabad,Gachibowli,4603
Karimnagar,Subhashnagar,2818
Bangalore,Indiranagar,1581
Karimnagar,Vavilalapally,1789
Karimnagar,Ramnagar,812
Bangalore,BTM Layout,4944
Hyderabad,Begumpet,4448
Bangalore,Koramangala,1996
Hyderabad,Banjara Hills,827
Bangalore,BTM Layout,898
Karimnagar,Subhashnagar,2514
Hyderabad,Gachibowli,836
Hyderabad,Banjara Hills,3102
Karimnagar,Jyothinagar,4185
Hyderabad,Begumpet,1602
Hyderabad,Gachibowli,3202
Bangalore,Indiranagar,970
Bangalore,Koramangala,4830
Karimnagar,Jyothinagar,3387
Karimnagar,Vavilalapally,3577
Bangalore,Whitefield,805
Bangalore,Whitefield,3835
Hyderabad,Madhapur,2525
Hyderabad,Banjara Hills,3818
Karimnagar,Vavilalapally,2852
Karimnagar,Jyothinagar,3433
Hyderabad,Kukatpally,3359
Karimnagar,Mankammathota,2096
Hyderabad,Begumpet,4718
Hyderabad,Gachibowli,3188
Hyderabad,Madhapur,4760
Karimnagar,Jyothinagar,4170
Bangalore,Jayanagar,4001
Bangalore,Indiranagar,2858
Hyderabad,Banjara Hills,1043
Hyderabad,Begumpet,2537
Bangalore,Indiranagar,4920
Karimnagar,Mankammathota,3230
Bangalore,Indiranagar,3754
Bangalore,Koramangala,2028
Bangalore,BTM Layout,1399
Hyderabad,Banjara Hills,3632
Karimnagar,Jyothinagar,2823
Bangalore,BTM Layout,3139
Karimnagar,Subhashnagar,4115
Hyderabad,Banjara Hills,3583
Karimnagar,Mankammathota,4207
Bangalore,BTM Layout,1685
Karimnagar,Jyothinagar,1470
Bangalore,Jayanagar,2527
Karimnagar,Jyothinagar,2884
Bangalore,Jayanagar,4717
Hyderabad,Begumpet,2349
Karimnagar,Vavilalapally,1926
Hyderabad,Madhapur,2883
Karimnagar,Vavilalapally,1197
Bangalore,Jayanagar,4962
Karimnagar,Mankammathota,2943
Hyderabad,Gachibowli,2583
Bangalore,Indiranagar,3758
Karimnagar,Ramnagar,4351
Hyderabad,Kukatpally,2608
Hyderabad,Gachibowli,1570
Bangalore,Koramangala,1680
Hyderabad,Kukatpally,4451
Hyderabad,Begumpet,2376
Bangalore,Jayanagar,3205
Hyderabad,Begumpet,1864
Hyderabad,Begumpet,932
Hyderabad,Madhapur,3643
Hyderabad,Madhapur,3879
Karimnagar,Vavilalapally,1534
Karimnagar,Jyothinagar,2511
Hyderabad,Begumpet,2687
Bangalore,Indiranagar,1283
Hyderabad,Kukatpally,4387
Bangalore,Indiranagar,4927
Karimnagar,Ramnagar,2930
Karimnagar,Subhashnagar,2226
Hyderabad,Banjara Hills,3952
Bangalore,Jayanagar,2683
Bangalore,Indiranagar,3242
Karimnagar,Ramnagar,826
Karimnagar,Mankammathota,3010
Bangalore,BTM Layout,4902
Hyderabad,Begumpet,840
Hyderabad,Madhapur,2360
Bangalore,Indiranagar,2369
Karimnagar,Mankammathota,883
Bangalore,Koramangala,3979
Bangalore,Koramangala,1203
Hyderabad,Begumpet,2910
Karimnagar,Jyothinagar,3662
Bangalore,Jayanagar,3255
Bangalore,BTM Layout,2895
Hyderabad,Kukatpally,1791
Hyderabad,Begumpet,3337
Hyderabad,Gachibowli,4317
Hyderabad,Gachibowli,2638
Hyderabad,Gachibowli,1257
Bangalore,Whitefield,2437
Bangalore,Koramangala,4114
Hyderabad,Begumpet,3945
Hyderabad,Banjara Hills,1515
Karimnagar,Subhashnagar,1200
Hyderabad,Gachibowli,3182
Karimnagar,Mankammathota,1567
Bangalore,Koramangala,2242
Bangalore,Koramangala,2945
Hyderabad,Kukatpally,1543
Hyderabad,Banjara Hills,1756
Karimnagar,Jyothinagar,2067
Hyderabad,Gachibowli,2918
Karimnagar,Vavilalapally,1043
Hyderabad,Madhapur,1141
Bangalore,BTM Layout,3313
Karimnagar,Ramnagar,897
Hyderabad,Gachibowli,1623
Bangalore,Whitefield,1780
Karimnagar,Jyothinagar,4779
Karimnagar,Ramnagar,4265
Hyderabad,Gachibowli,2543
Hyderabad,Banjara Hills,3395
Karimnagar,Subhashnagar,3891
Hyderabad,Begumpet,1200
Hyderabad,Banjara Hills,4596
Karimnagar,Subhashnagar,4947
Hyderabad,Gachibowli,4410
Karimnagar,Vavilalapally,2188
Bangalore,Indiranagar,4432
Karimnagar,Vavilalapally,3272
Bangalore,BTM Layout,4897
Karimnagar,Jyothinagar,4217
Hyderabad,Banjara Hills,2803
Karimnagar,Jyothinagar,3868
Hyderabad,Madhapur,3722
Karimnagar,Jyothinagar,1750
Bangalore,Indiranagar,2009
Hyderabad,Gachibowli,4046
Karimnagar,Subhashnagar,2252
Karimnagar,Ramnagar,1627
Bangalore,Indiranagar,2019
Bangalore,Koramangala,2165
Bangalore,BTM Layout,3648
Bangalore,Whitefield,3480
Karimnagar,Vavilalapally,840
Hyderabad,Gachibowli,1384
Hyderabad,Gachibowli,3633
Karimnagar,Vavilalapally,1836
Hyderabad,Begumpet,2385
Karimnagar,Ramnagar,2903
Hyderabad,Kukatpally,2635
Karimnagar,Jyothinagar,1995
Hyderabad,Madhapur,1303
Hyderabad,Kukatpally,863
Karimnagar,Mankammathota,4470
Karimnagar,Ramnagar,1310
Bangalore,Jayanagar,2992
Hyderabad,Gachibowli,4046
Hyderabad,Madhapur,869
Bangalore,Whitefield,3655
Karimnagar,Jyothinagar,4587
Karimnagar,Jyothinagar,2042
Bangalore,BTM Layout,4866
Bangalore,Indiranagar,3075
Bangalore,Indiranagar,3476
Karimnagar,Subhashnagar,3940
Bangalore,Indiranagar,1720
Bangalore,Koramangala,1721
Bangalore,Koramangala,2925
Hyderabad,Madhapur,3782
Hyderabad,Begumpet,2428
Karimnagar,Ramnagar,3641
Bangalore,Koramangala,1670
Hyderabad,Gachibowli,2064
Bangalore,Jayanagar,884
Karimnagar,Ramnagar,2473
Karimnagar,Mankammathota,3334
Bangalore,Jayanagar,3374
Karimnagar,Mankammathota,4763
Bangalore,Whitefield,2533
Karimnagar,Jyothinagar,2400
Hyderabad,Gachibowli,958
Karimnagar,Jyothinagar,1637
Karimnagar,Vavilalapally,3509
Bangalore,Jayanagar,3632
Karimnagar,Subhashnagar,2522
Hyderabad,Banjara Hills,4403
Bangalore,Indiranagar,3291
Bangalore,Whitefield,2811
Hyderabad,Begumpet,4153
Hyderabad,Madhapur,3150
Karimnagar,Vavilalapally,3637
Karimnagar,Mankammathota,920
Bangalore,Whitefield,3116
Hyderabad,Madhapur,1000
Hyderabad,Madhapur,1392
Karimnagar,Subhashnagar,3087
Karimnagar,Ramnagar,2374
Bangalore,Indiranagar,3291
Karimnagar,Subhashnagar,2825
Karimnagar,Vavilalapally,2421
Karimnagar,Subhashnagar,2723
Karimnagar,Jyothinagar,3234
Karimnagar,Mankammathota,3220
Hyderabad,Banjara Hills,919
Karimnagar,Vavilalapally,4458
Hyderabad,Madhapur,1392
Hyderabad,Gachibowli,832
Hyderabad,Kukatpally,2445
Karimnagar,Mankammathota,3760
Hyderabad,Kukatpally,3301
Hyderabad,Madhapur,4201
Karimnagar,Ramnagar,4761
Bangalore,Indiranagar,1726
Bangalore,BTM Layout,4897
Karimnagar,Vavilalapally,2147
Bangalore,Koramangala,2419
Karimnagar,Mankammathota,1442
Bangalore,Koramangala,4338
Karimnagar,Mankammathota,4547
Bangalore,BTM Layout,2523
Hyderabad,Banjara Hills,1979
Karimnagar,Subhashnagar,1159
Karimnagar,Ramnagar,1053
Hyderabad,Kukatpally,3405
Hyderabad,Begumpet,908
Hyderabad,Kukatpally,1159
Hyderabad,Begumpet,3446
Hyderabad,Madhapur,4495
Karimnagar,Ramnagar,1005
Hyderabad,Banjara Hills,2924
Hyderabad,Madhapur,3836
Karimnagar,Vavilalapally,2131
Hyderabad,Begumpet,3050
Karimnagar,Vavilalapally,1807
Hyderabad,Begumpet,999
Bangalore,Indiranagar,4755
Karimnagar,Jyothinagar,3193
Hyderabad,Banjara Hills,899
Hyderabad,Gachibowli,2692
Karimnagar,Vavilalapally,4412
Hyderabad,Kukatpally,3908
Bangalore,Indiranagar,1599
Karimnagar,Vavilalapally,1239
Bangalore,BTM Layout,3374
Bangalore,Koramangala,1644
Karimnagar,Vavilalapally,3219
Karimnagar,Jyothinagar,1190
Bangalore,Koramangala,4293
Karimnagar,Vavilalapally,3005
Hyderabad,Begumpet,2011
Hyderabad,Begumpet,1521
Bangalore,Koramangala,2662
Bangalore,Whitefield,4310
Hyderabad,Madhapur,4769
Karimnagar,Subhashnagar,4047
Hyderabad,Madhapur,4252
Bangalore,Jayanagar,4929
Karimnagar,Ramnagar,2444
Hyderabad,Kukatpally,2671
Bangalore,Whitefield,2023
Hyderabad,Gachibowli,3490
Bangalore,Jayanagar,4040
Karimnagar,Mankammathota,1617
Bangalore,Koramangala,4230
Bangalore,Jayanagar,1613
Bangalore,Koramangala,1410
Hyderabad,Gachibowli,3761
Hyderabad,Banjara Hills,915
Karimnagar,Mankammathota,4394
Bangalore,BTM Layout,2480
Karimnagar,Vavilalapally,2345
Karimnagar,Mankammathota,3328
Hyderabad,Banjara Hills,4737
Hyderabad,Madhapur,4365
Bangalore,Koramangala,4430
Karimnagar,Subhashnagar,3434
Bangalore,Koramangala,2446
Hyderabad,Kukatpally,4144
Hyderabad,Banjara Hills,859
Bangalore,Indiranagar,4758
Bangalore,BTM Layout,3933
Bangalore,Whitefield,4110
Hyderabad,Madhapur,4383
Hyderabad,Begumpet,1453
Bangalore,Koramangala,3400
Karimnagar,Subhashnagar,3005
Karimnagar,Subhashnagar,2953
Hyderabad,Banjara Hills,4353
Bangalore,Jayanagar,1396
Hyderabad,Gachibowli,1151
Bangalore,Jayanagar,2540
Bangalore,Whitefield,1524
Bangalore,Koramangala,1160
Karimnagar,Jyothinagar,3171
Hyderabad,Madhapur,803
Bangalore,Whitefield,3649
Bangalore,Whitefield,4283
Bangalore,Koramangala,1748
Hyderabad,Begumpet,4903
Karimnagar,Subhashnagar,4584
Karimnagar,Mankammathota,1407
Karimnagar,Vavilalapally,4002
Bangalore,Whitefield,2635
Bangalore,Koramangala,2796
Hyderabad,Kukatpally,1884
Karimnagar,Subhashnagar,2753
Karimnagar,Mankammathota,2407
Hyderabad,Madhapur,4311
Hyderabad,Banjara Hills,2749
Karimnagar,Jyothinagar,4225
Karimnagar,Subhashnagar,2270
Bangalore,Indiranagar,2949
Hyderabad,Kukatpally,3149
Bangalore,Jayanagar,4354
Bangalore,Koramangala,3326
Karimnagar,Subhashnagar,2284
Karimnagar,Subhashnagar,4304
Bangalore,Koramangala,838
Karimnagar,Ramnagar,2748
Karimnagar,Vavilalapally,2688
Karimnagar,Mankammathota,4225
Karimnagar,Vavilalapally,3126
Karimnagar,Vavilalapally,3617
Karimnagar,Vavilalapally,4686
Karimnagar,Mankammathota,4864
Bangalore,Jayanagar,3538
Karimnagar,Vavilalapally,4370
Karimnagar,Subhashnagar,2709
Bangalore,Koramangala,3598
Hyderabad,Kukatpally,3303
Bangalore,Jayanagar,3354
Hyderabad,Kukatpally,2453
Bangalore,Jayanagar,1425
Hyderabad,Begumpet,2674
Bangalore,Koramangala,4760
Hyderabad,Gachibowli,3717
Hyderabad,Kukatpally,2767
Bangalore,BTM Layout,2427
Karimnagar,Jyothinagar,3665
Karimnagar,Mankammathota,3059
Bangalore,Koramangala,4276
Bangalore,Indiranagar,2457
Karimnagar,Subhashnagar,4931
Hyderabad,Gachibowli,3038
Hyderabad,Begumpet,4598
Bangalore,Jayanagar,3266
Karimnagar,Jyothinagar,3617
Karimnagar,Jyothinagar,4313
Hyderabad,Begumpet,4563
Hyderabad,Gachibowli,3906
Bangalore,BTM Layout,4683
Karimnagar,Subhashnagar,1243
Hyderabad,Madhapur,3936
Bangalore,Indiranagar,4852
Bangalore,Koramangala,1979
Hyderabad,Banjara Hills,1959
Bangalore,Indiranagar,2782
Karimnagar,Vavilalapally,2289
Hyderabad,Banjara Hills,4485
Bangalore,BTM Layout,3300
Bangalore,Indiranagar,3967
Karimnagar,Mankammathota,852
Karimnagar,Mankammathota,2781
Bangalore,Indiranagar,4538
Bangalore,Whitefield,3682
Bangalore,Indiranagar,3880
Hyderabad,Gachibowli,2041
Hyderabad,Gachibowli,3597
Bangalore,Koramangala,1513
Hyderabad,Madhapur,1799
Hyderabad,Madhapur,1810
Hyderabad,Madhapur,4490
Karimnagar,Ramnagar,3916
Karimnagar,Mankammathota,1414
Karimnagar,Subhashnagar,3984
Karimnagar,Ramnagar,3883
Karimnagar,Jyothinagar,884
Bangalore,Whitefield,4989
Bangalore,Koramangala,2880
Hyderabad,Madhapur,2751
Hyderabad,Gachibowli,3571
Bangalore,BTM Layout,3037
Karimnagar,Ramnagar,1444
Bangalore,Whitefield,2547
Hyderabad,Gachibowli,844
Karimnagar,Mankammathota,1533
Karimnagar,Mankammathota,1015
Bangalore,Koramangala,3191
Karimnagar,Vavilalapally,2340
Hyderabad,Begumpet,1342
Karimnagar,Ramnagar,875
Karimnagar,Jyothinagar,4078
Hyderabad,Kukatpally,2153
Karimnagar,Ramnagar,2493
Bangalore,Indiranagar,815
Karimnagar,Vavilalapally,888
Karimnagar,Ramnagar,1598
Bangalore,Whitefield,1755
Bangalore,Jayanagar,1680
Bangalore,Indiranagar,3715
Bangalore,Jayanagar,4519
Karimnagar,Ramnagar,1196
Bangalore,Whitefield,1972
Hyderabad,Kukatpally,3968
Karimnagar,Subhashnagar,3132
Hyderabad,Kukatpally,3849
Bangalore,Whitefield,1462
Hyderabad,Gachibowli,2146
Karimnagar,Subhashnagar,1958
Hyderabad,Gachibowli,4124
Karimnagar,Subhashnagar,2569
Hyderabad,Begumpet,2712
Karimnagar,Ramnagar,3349
Hyderabad,Begumpet,3905
Bangalore,Indiranagar,4863
Hyderabad,Banjara Hills,2347
Bangalore,Whitefield,4903
Karimnagar,Subhashnagar,1824
Bangalore,Koramangala,891
Hyderabad,Gachibowli,4268
Hyderabad,Madhapur,3681
Karimnagar,Mankammathota,1648
Bangalore,BTM Layout,3855
Bangalore,BTM Layout,4973
Hyderabad,Gachibowli,3393
Bangalore,Koramangala,1945
Bangalore,Jayanagar,4427
Karimnagar,Vavilalapally,3926
Bangalore,Koramangala,1185
Karimnagar,Vavilalapally,1926
Karimnagar,Vavilalapally,1692
Bangalore,Koramangala,3863
Karimnagar,Mankammathota,2972
Bangalore,BTM Layout,4608
Hyderabad,Banjara Hills,2042
Bangalore,BTM Layout,2044
Karimnagar,Ramnagar,3308
Bangalore,BTM Layout,2367
Hyderabad,Gachibowli,2888
Karimnagar,Ramnagar,1286
Karimnagar,Subhashnagar,3877
Hyderabad,Begumpet,1418
Bangalore,Indiranagar,835
Karimnagar,Jyothinagar,2993
Hyderabad,Kukatpally,4681
Hyderabad,Kukatpally,4640
Hyderabad,Gachibowli,4610
Hyderabad,Banjara Hills,1543
Hyderabad,Gachibowli,1458
Karimnagar,Ramnagar,1577
Bangalore,BTM Layout,3078
Karimnagar,Subhashnagar,4752
Bangalore,Indiranagar,3196
Karimnagar,Vavilalapally,4970
Karimnagar,Ramnagar,4541
Hyderabad,Kukatpally,3728
Karimnagar,Subhashnagar,2771
Hyderabad,Kukatpally,2451
Karimnagar,Vavilalapally,2185
Bangalore,BTM Layout,1220
Hyderabad,Madhapur,1738
Hyderabad,Kukatpally,2107
Karimnagar,Mankammathota,3887
Hyderabad,Begumpet,4869
Karimnagar,Subhashnagar,3459
Hyderabad,Banjara Hills,1554
Hyderabad,Banjara Hills,2400
Bangalore,Indiranagar,4170
Hyderabad,Madhapur,3796
Karimnagar,Mankammathota,1894
Bangalore,Indiranagar,3570
Karimnagar,Ramnagar,4508
Karimnagar,Vavilalapally,3598
Karimnagar,Mankammathota,2440
Hyderabad,Madhapur,3594
Karimnagar,Subhashnagar,1183
Bangalore,Jayanagar,4941
Hyderabad,Kukatpally,1523
Karimnagar,Ramnagar,2043
Hyderabad,Banjara Hills,3758
Karimnagar,Vavilalapally,875
Bangalore,Indiranagar,4634
Karimnagar,Jyothinagar,3850
Hyderabad,Banjara Hills,3286
Bangalore,Jayanagar,3721
Karimnagar,Ramnagar,4174
Hyderabad,Gachibowli,4693
Karimnagar,Vavilalapally,4108
Karimnagar,Vavilalapally,2726
Hyderabad,Banjara Hills,1249
Karimnagar,Jyothinagar,4121
Bangalore,Indiranagar,3775
Hyderabad,Begumpet,2294
Karimnagar,Vavilalapally,1934
Karimnagar,Subhashnagar,2904
Hyderabad,Banjara Hills,3878
Karimnagar,Ramnagar,1625
Bangalore,Indiranagar,1231
Bangalore,BTM Layout,3128
Karimnagar,Jyothinagar,2762
Bangalore,Whitefield,2253
Bangalore,Whitefield,3060
Hyderabad,Begumpet,1863
Hyderabad,Begumpet,1302
Bangalore,Whitefield,4886
Bangalore,Jayanagar,909
Bangalore,Whitefield,2194
Hyderabad,Gachibowli,4959
Karimnagar,Mankammathota,4517
Karimnagar,Mankammathota,1131
Karimnagar,Ramnagar,3016
Hyderabad,Kukatpally,1496
Karimnagar,Jyothinagar,1667
Bangalore,Indiranagar,4322
Bangalore,Jayanagar,3650
Karimnagar,Jyothinagar,3066
Hyderabad,Gachibowli,3749
Bangalore,Koramangala,2920
Hyderabad,Begumpet,3661
Karimnagar,Vavilalapally,2911
Bangalore,Indiranagar,3800
Karimnagar,Vavilalapally,1785
Bangalore,Whitefield,2654
Karimnagar,Subhashnagar,4631
Bangalore,BTM Layout,2152
Karimnagar,Vavilalapally,1381
Karimnagar,Ramnagar,1738
Hyderabad,Banjara Hills,2928
Hyderabad,Banjara Hills,1201
Hyderabad,Madhapur,3271
Karimnagar,Mankammathota,1948
Karimnagar,Vavilalapally,1876
Bangalore,Koramangala,3326
Karimnagar,Ramnagar,1329
Karimnagar,Ramnagar,4066
Bangalore,Whitefield,2048
Hyderabad,Begumpet,2531
Karimnagar,Vavilalapally,2563
Bangalore,BTM Layout,4773
Karimnagar,Mankammathota,1770
Bangalore,Indiranagar,2735
Bangalore,Jayanagar,4631
Hyderabad,Begumpet,1735
Hyderabad,Gachibowli,2752
Bangalore,Indiranagar,2015
Karimnagar,Ramnagar,2739
Bangalore,Jayanagar,4726
Hyderabad,Kukatpally,4802
Karimnagar,Subhashnagar,3193
Bangalore,Indiranagar,3792
Bangalore,Whitefield,2057
